"Channel Title","Channel URL","Channel ID",Position,"Video Title","Video URL","Video ID","Publish Date",Duration,Views,Description,"Thumbnail URL","Availability Status"
"GrowApp | Cannabis App",https://www.youtube.com/@growapp-cannabisapp,UChfrs9H_dI1dQGGxrRafXig,1,"10 Best Cannabis Seeds for 2026: Top Genetics to Grow Loud",https://www.youtube.com/watch?v=_P0ytKrR9Ls,_P0ytKrR9Ls,2026-06-06T20:39:57Z,02:30,"1,092","Nervous your first grow will crash? Chill—we’ve rounded up 2026’s 10 best cannabis seeds for new growers, from stable classics to THC beasts! 

Note: Laws regarding home cannabis cultivation vary by location. Always verify your local laws before growing.

Why Grow Your Own Cannabis?
Growing your own weed lets you call the shots—pick killer strains, dial in quality, and flex your green thumb. It’s a vibe: half the fun is crafting buds that slap harder than dispensary prices. Home growing’s booming in 2026, with growers swearing by it to chill and save cash. Ready to grow loud with the best breeders of the year?

Why Elite Genetics Are a Game-Changer
Tired of wimpy buds from sketchy bag seeds? Elite breeders deliver stable strains with fatter yields and trichomes sparkling like diamonds. No matter where you grow—USA or worldwide—these genetics level up your harvest. Ready for buds you’ll flex in our top 10 picks?

Note: We may earn commissions from links, but we only back banks we trust.

Top 10 Breeders for 2026
These 10 breeders are dropping the best seeds to grow fire buds, the ones growers are raving about in 2026. Snag their genetics, level up your grow game, and watch your tent sing! Check local laws and refund policies—don’t be the dude with a sad grow story.

1. 42 Fast Buds #1 Distribution Grow More. Faster.
The market leader in autoflower distribution, favored for speed and reliability. Why? Massive market availability makes them the most accessible genetics for home growers.
View carriers on 🌐Seed Map https://seed-map.poweredbyci.live/?breeder=42-fast-buds

2. Compound Genetics Flavors By Design
Breeding elite, flavor-forward strains featuring exotic terpene profiles, high THC, and striking colors. Why? Famous for developing blockbuster genetics like Apples & Bananas, Jet Fuel Gelato, and Pavé
View carriers on 🌐Seed Map https://seed-map.poweredbyci.live/?breeder=compound-genetics

3. DNA Genetics Our Terps Don't Lie
Globally recognized for their premium, stable genetics. Why? They have won over 200 awards worldwide
View carriers on 🌐Seed Map https://seed-map.poweredbyci.live/?breeder=dna-genetics

4. Sin City Seeds If we don't stand behind our work, why should we expect you to?
Heavy resin production, unique terpene profiles, and balanced medicinal effects. Why? They are internationally recognized for creating award-winning genetics
View carriers on 🌐Seed Map https://seed-map.poweredbyci.live/?breeder=sin-city-seeds

5. Green Bodhi Intention is the start and the finish
Rising rapidly in popularity across the US landscape.
View carriers on 🌐Seed Map https://seed-map.poweredbyci.live/?breeder=green-bodhi

6. Barney’s Farm Cultivating Legends, Defining Excellence
Dutch legends with resin-heavy strains. Why? High THC for big effects to flex.
View carriers on 🌐Seed Map https://seed-map.poweredbyci.live/?breeder=barney-s-farm

7. Exotic Genetix Top Seller It's a Lifestyle
Trendy, colorful genetics for potent buds. Why? Stunning visuals for your grow pics.
View carriers on 🌐Seed Map https://seed-map.poweredbyci.live/?breeder=exotic-genetix

8. Royal Queen Grow Higher
Pioneers of true F1 hybrid seeds and strong educational resources for beginner growers. Why? Massive genetic catalog!
View carriers on 🌐Seed Map https://seed-map.poweredbyci.live/?breeder=royal-queen-seeds

9. Dutch Passion Your Passion, Our Passion
Their autoflowers are beginner-friendly. Why? Respected for innovation and potency.
View carriers on 🌐Seed Map https://seed-map.poweredbyci.live/?breeder=dutch-passion

10. Jungle Boys Always Imitated, Never Duplicated
The undisputed kings of hype genetics with massive retail footprint.
View carriers on 🌐Seed Map https://seed-map.poweredbyci.live/?breeder=jungle-boys

Got a fave breeder? Flex it with your grow crew—tag us with #GrowApp!

Why These Breeders Made the Cut
We hunted down the 10 breeders killing it in 2026 for their stable genetics, fire terps, massive yields, and huge grower love on X, Reddit, and forums. Sales and cup wins don’t lie! From lightning-fast autos to elite photoperiod THC bombs and exotic flavors, these crews deliver buds your tent (and crew) will obsess over. Each owns their lane—more heat drops all year.
Seeds run $30–$120+ but turn into pounds of fire. 

Get GrowApp https://growappcannabis.guide/GetTheApp  for deals and start growing!

#CannabisGrow2026 #BestCannabisSeeds #GrowLoud #HomeGrowTips #CannabisCommunity",https://i.ytimg.com/vi/_P0ytKrR9Ls/hqdefault.jpg,available
"GrowApp | Cannabis App",https://www.youtube.com/@growapp-cannabisapp,UChfrs9H_dI1dQGGxrRafXig,2,"The New 2026 Hemp Law: How It Changes Home Cannabis Growing Forever [Short] #cannabiscommunity",https://www.youtube.com/watch?v=jotbP90QLbQ,jotbP90QLbQ,2026-06-06T00:13:56Z,00:53,10,"Is the new 2026 Hemp Law changing how you grow? 

🌿 Section 781 of the new federal hemp law (effective Nov 12, 2026) is set to shift the landscape for home growers across the U.S. As interstate shipping of high-THC genetics faces new restrictions, knowing where to source your seeds locally is about to become more important than ever.

In this video, we break down: 

- What Section 781 means for your home grow. 

- The end of interstate seed shipping. 

- How to navigate these changes without losing access to elite genetics. 

- Your Solution: How CI Seed Map helps you find verified, local sources within your state. 

Resources Mentioned: 

📍 Find Local Genetics: https://seed-map.poweredbyci.live 

📈 Build a custom grow guide: https://growappcannabis.guide/GetTheApp

This project was inspired by Seedfinder.eu's ambitious attempt to catalog 2,059+ cannabis breeders and seed banks. I originally hoped to use their list as a starting point. 

⚠️Reality check: I manually visited every single link. 76.3% were broken, spam, malicious, parked domains, 404s, or redirects to low-quality/scam sites. 

✅Full transparency report: 
Download seedfindereu.xlsx https://github.com/Shannon-Goddard/us-cannabis-license-directory (Columns: breeder_link, url_is_good) 

Dear Seedfinder.eu team, 

Thank you for the idea and for maintaining a public directory — it sparked this entire effort. However, the current state of the links significantly undermines its usefulness. I'm releasing this audit in the hope it helps you clean up the data for the community. Happy to share more details or collaborate. You can buy me a beer — cheers 🍻

 — Shannon 
https://buymeacoffee.com/goddardshannon9
 
(ps: yes, I really did manually click all 2,059 links) 

DISCLAIMER: This video is for educational and entertainment purposes only. Cannabis laws vary significantly by location. Please check your local state and regional laws regarding the legal use, possession, and cultivation of cannabis before taking any action. We may earn commissions from links, but we only back tools we trust. Join the Conversation: Are you ready for the shift? Share your state or your breeder story with #GrowApp! #CannabisCommunity #HomeGrow #HempLaw2026 #GrowApp #CannabisSeeds #HomeGrowing",https://i.ytimg.com/vi/jotbP90QLbQ/hqdefault.jpg,available
"GrowApp | Cannabis App",https://www.youtube.com/@growapp-cannabisapp,UChfrs9H_dI1dQGGxrRafXig,3,"The New 2026 Hemp Law: How It Changes Home Cannabis Growing Forever",https://www.youtube.com/watch?v=7yOy1-DM4hs,7yOy1-DM4hs,2026-06-03T04:04:51Z,01:42:20,21,"Is the new 2026 Hemp Law changing how you grow? 🌿

Section 781 of the new federal hemp law (effective Nov 12, 2026) is set to shift the landscape for home growers across the U.S. As interstate shipping of high-THC genetics faces new restrictions, knowing where to source your seeds locally is about to become more important than ever.

In this video, we break down:

What Section 781 means for your home grow.

The end of interstate seed shipping.

How to navigate these changes without losing access to elite genetics.

Your Solution: How CI Seed Map helps you find verified, local sources within your state.

Resources Mentioned:

📍 Find Local Genetics: https://seed-map.poweredbyci.live

📈 Build a custom grow guide: https://growappcannabis.guide/GetTheApp

This project was inspired by Seedfinder.eu's ambitious attempt to catalog 2,059+ cannabis breeders and seed banks. I originally hoped to use their list as a starting point.

⚠️Reality check: I manually visited every single link. 76.3% were broken, spam, malicious, parked domains, 404s, or redirects to low-quality/scam sites.

✅Full transparency report: Download seedfindereu.xlsx
https://github.com/Shannon-Goddard/us-cannabis-license-directory
(Columns: breeder_link, url_is_good)

Dear Seedfinder.eu team,

Thank you for the idea and for maintaining a public directory — it sparked this entire effort. However, the current state of the links significantly undermines its usefulness. I'm releasing this audit in the hope it helps you clean up the data for the community.

Happy to share more details or collaborate. You can buy me a beer — cheers 🍻

— Shannon
https://buymeacoffee.com/goddardshannon9

(ps: yes, I really did manually click all 2,059 links)

DISCLAIMER: This video is for educational and entertainment purposes only. Cannabis laws vary significantly by location. Please check your local state and regional laws regarding the legal use, possession, and cultivation of cannabis before taking any action. We may earn commissions from links, but we only back tools we trust.

Join the Conversation:
Are you ready for the shift? Share your state or your breeder story with #GrowApp!

#CannabisCommunity #HomeGrow #HempLaw2026 #GrowApp #CannabisSeeds #HomeGrowing",https://i.ytimg.com/vi/7yOy1-DM4hs/hqdefault.jpg,available
"GrowApp | Cannabis App",https://www.youtube.com/@growapp-cannabisapp,UChfrs9H_dI1dQGGxrRafXig,4,"Top 10 Cannabis Seeds for 2026 | GrowApp Genetics Guide",https://www.youtube.com/watch?v=eztU-a9UQio,eztU-a9UQio,2025-10-13T00:58:51Z,01:00,"1,096","Scared of failing your first grow with bunk seeds? Relax—we’ve got you with 2026’s Top 10 cannabis seeds for beginners and pros!

Growing your own weed means you’re the boss: starting with epic genetics is how you save thousands over dispensary prices and flex your green thumb. It’s a whole vibe—picking strains that are resilient to mold and pests so you can focus on growing ""loud"" buds with ease. We’re breaking down the highest-yielding, easiest-to-grow genetics so you can crush your 2026 cycle.

📖 Prefer to read the full technical strain reviews and lineage details? Find the complete blog article inside the GrowApp: https://growappcannabis.guide/GetTheApp.html

In this Short:

Beginner-Friendly Beasts: The most resilient seeds that forgive newbie mistakes.

Pro-Level Potency: The elite genetics for those looking to maximize resin and terpene profiles.

Dispensary Killers: Why these 10 strains will make you never want to buy commercial flower again.

🔗 Get GrowApp: https://growappcannabis.guide/GetTheApp.html

#CannabisSeeds2026 #GrowLoud #HomeGrow #WeedStrains #GrowAppBlog #GrowApp",https://i.ytimg.com/vi/eztU-a9UQio/hqdefault.jpg,available
"GrowApp | Cannabis App",https://www.youtube.com/@growapp-cannabisapp,UChfrs9H_dI1dQGGxrRafXig,5,"Rapid Rooters: Your Seed-Starting Secret for 2025!",https://www.youtube.com/watch?v=GrCPUFxl_K8,GrCPUFxl_K8,2025-08-09T03:03:19Z,03:27,"2,800","Scared your seeds won’t pop? Relax—we’ve got you with the ultimate guide to the ""Boss"" way to start seeds for your 2026 grow!

Growing your own weed means you’re the boss: ensuring a 90%+ germination rate is how you save money on expensive genetics and flex your green thumb. It’s a whole vibe—understanding that Rapid Rooter plugs provide the perfect air-to-moisture ratio so you can see taproots in just 3-7 days without the mold stress. We’re breaking down the foolproof 5-step method and the ""no-touch"" secrets so you can start your garden with confidence and grow LOUD.

📖 Prefer to read the full technical seed-starting masterclass? Find the complete blog article inside the GrowApp: https://growappcannabis.guide/GetTheApp.html

In this video:

The Peat Secret: Why the unique texture of Rapid Rooters beats traditional soil for early root development.

The 5-Step Germination Protocol: Our battle-tested guide to getting your seeds to pop every single time.

Mold Prevention: Why these plugs are a newbie’s best friend for keeping damp-off and rot at bay.
Real 

Grower Stories: Fast-paced highlights from the community to get you fired up for your next cycle.

🔗 Get GrowApp: https://growappcannabis.guide/GetTheApp.html 
🛒 Grab Rapid Rooters: https://amzn.to/3TYdvSt 
🛒 AC Infinity Germination Kit: https://amzn.to/458WwlB

Note: Always check local laws before growing. We may earn commissions from links, but we only back gear we trust. Stay green, growers!

#RapidRooters #SeedStarting #GrowAppBlog #CannabisGrow2026 #HomeGrowTips #GrowLoud #GrowApp",https://i.ytimg.com/vi/GrCPUFxl_K8/hqdefault.jpg,available
"GrowApp | Cannabis App",https://www.youtube.com/@growapp-cannabisapp,UChfrs9H_dI1dQGGxrRafXig,6,"Lost Coast Plant Therapy - The Ultimate Grow Room Game-Changer",https://www.youtube.com/watch?v=LDINuMQ5J20,LDINuMQ5J20,2025-06-07T01:35:19Z,03:30,"1,869","Nervous about seeing spider mites or white powdery mildew taking over your hard work? Relax—we’ve got you with the ultimate guide to using Lost Coast Plant Therapy for your 2026 grow!

Growing your own weed means you’re the boss: keeping your garden pest-free without harsh chemicals is how you ensure top-shelf quality and flex your green thumb. It’s a whole vibe—understanding that this organic plant wash works by suffocation and dehydration so you can stop the invaders in their tracks. We’re breaking down the pro application tips and the ""deep-clean"" secrets so you can keep your garden pristine and grow LOUD.

📖 Prefer to read the full technical pesticide masterclass? Find the complete blog article inside the GrowApp: https://growappcannabis.guide/GetTheApp.html

In this video:

The Organic Lockdown: Why this plant wash is our go-to for killing spider mites, aphids, and mildew on contact.

The Pro-Spray Protocol: How to get total coverage (including the undersides!) to ensure no survivors are left behind.

Grow Room Sanitization: Why deep-cleaning your space is the secret ""Boss"" move to prevent pests from hitchhiking into your next cycle.

Real Grower Wins: See the ""before and after"" from the community to get you fired up for a clean harvest.

🔗 Get GrowApp: https://growappcannabis.guide/GetTheApp.html 
🛒 Grab Lost Coast Plant Therapy: https://amzn.to/4gxeyBn

Note: Always check local laws before growing. We may earn commissions from links, but we only back gear we trust. Stay green, growers!

#LostCoastPlantTherapy #PestManagement #GrowAppBlog #CannabisGrow2026 #OrganicGrowing #GrowLoud #GrowApp",https://i.ytimg.com/vi/LDINuMQ5J20/hqdefault.jpg,available
"GrowApp | Cannabis App",https://www.youtube.com/@growapp-cannabisapp,UChfrs9H_dI1dQGGxrRafXig,7,"10 Best Cannabis Seeds for 2025: Top Genetics to Grow Loud",https://www.youtube.com/watch?v=Ih_bVufTx2M,Ih_bVufTx2M,2025-05-08T21:57:40Z,06:56,"52,163","Nervous your first grow will flop? Relax—we’ve got you with 2025’s 10 best cannabis seeds for beginners, from rock-solid classics to THC-heavy hitters, plus 8 rising strains to watch!  Growing your own weed means you’re the boss: pick epic genetics, dial in premium buds, and flex your green thumb. It’s a whole vibe—crafting buds that hit harder than dispensary prices. Home growing’s exploding in 2025, with growers loving the chill and savings. Ready to grow LOUD with the year’s top breeders? Watch these picks in action! 

#CannabisGrow2025 #BestCannabisSeeds #GrowLoud #HomeGrowTips #CannabisCommunity",https://i.ytimg.com/vi/Ih_bVufTx2M/hqdefault.jpg,available
"GrowApp | Cannabis App",https://www.youtube.com/@growapp-cannabisapp,UChfrs9H_dI1dQGGxrRafXig,8,"How To Grow Fire Weed On A Budget | GrowApp Cannabis Guide",https://www.youtube.com/watch?v=8kvh6gFSCQI,8kvh6gFSCQI,2025-05-04T19:12:09Z,03:36,309,"Think you need thousands of dollars to grow top-shelf flower? Relax—we’ve got you with the ultimate guide to the ""Boss"" way to grow fire on a budget for your 2026 garden!

Growing your own weed means you’re the boss: mastering a high-yield setup for around $510 is how you save thousands at the dispensary and flex your green thumb. It’s a whole vibe—understanding that a compact 2x2 setup can deliver 2-4 oz of ""loud"" buds when you use the right training and feeding protocols. We’re breaking down the Vivosun kit secrets and the ""no-fail"" nutrient plan so you can crush your first grow and grow LOUD.

📖 Prefer to read the full budget-growing masterclass and checklist? Find the complete blog article inside the GrowApp: https://growappcannabis.guide/GetTheApp.html

In this video:

The $510 Blueprint: A complete breakdown of the Vivosun 24” x 24” x 48” setup—perfect for small spaces and tight budgets.

The ""Fire"" Feeding Guide: Why FloraNova and Roots Organic soil are the ultimate duo for newbie success.

LST & Topping Tactics: How to train your plants in a small tent to maximize your canopy and hit that 4-8 oz ""Master"" goal.

Budget Hacks: Using duct tape, velcro, and cheap pH pens to keep your grow room running like a pro-facility for less.

🔗 Get GrowApp: https://growappcannabis.guide/GetTheApp.html 
🛒 Vivosun 2x2 Tent Kit: https://amzn.to/4iOYQCZ 
🛒 FloraNova Grow & Bloom: https://amzn.to/4knjM5l 
🛒 Roots Organic Soil: https://amzn.to/43cFaUN

Note: Always check local laws before growing. We may earn commissions from links, but we only back gear we trust. Stay green, growers!

#BudgetGrow #CannabisGrow2026 #GrowAppBlog #Vivosun #SmallSpaceGrow #GrowLoud #GrowApp",https://i.ytimg.com/vi/8kvh6gFSCQI/hqdefault.jpg,available
"GrowApp | Cannabis App",https://www.youtube.com/@growapp-cannabisapp,UChfrs9H_dI1dQGGxrRafXig,9,"Best LED Grow Lights for Cannabis - Epic Yields with GrowApp Cannabis Guide",https://www.youtube.com/watch?v=Atyo2l0LU38,Atyo2l0LU38,2025-04-20T17:43:47Z,05:04,"4,045","Nervous about weak, airy buds or skyrocketing energy bills? Relax—we’ve got you with the ultimate guide to the BEST LED grow lights for your 2026 grow!

Growing your own weed means you’re the boss: choosing a light that delivers frosty, heavy buds without the massive heat signature is how you ensure top-shelf quality and flex your green thumb. It’s a whole vibe—understanding how modern spectrums like those from Spider Farmer and Mars Hydro mimic the sun so you can get maximum resin production while keeping your tent cool. We’re breaking down the efficiency secrets and the ""frosted"" spectrum hacks so you can maximize your canopy and grow LOUD.

📖 Prefer to read the full technical LED masterclass? Find the complete blog article inside the GrowApp: https://growappcannabis.guide/tools/blog/assets/article/best-led-grow-lights.html

In this video:

The Frosty Spectrum: Why UV and IR diodes are the secret to pushing your plants to produce that ""white-out"" resin coverage.

Heat Management: How LEDs save your garden from heat stress and keep your ""VPD"" in the perfect zone for fast growth.

Efficiency & ROI: A breakdown of how these lights pay for themselves in lower energy bills and massive yield increases.

Vetted Tech: Why we trust Spider Farmer, Mars Hydro, and Viparspectra to deliver the power your 2026 garden deserves.

🔗 Get GrowApp: https://growappcannabis.guide/GetTheApp.html 
🛒 Spider Farmer SF-2000: https://amzn.to/4lszHk5 
🛒 Mars Hydro TSW-2000: https://amzn.to/3YEHdhN 
🛒 Viparspectra XS1500: https://amzn.to/43TYHdG 
🛒 Spider Farmer SF-4000: https://amzn.to/4jvm6q8

Note: We may earn commissions from links, but we only back gear we trust. Stay green, growers!

#LEDGrowLights #CannabisGrow2026 #GrowAppBlog #SpiderFarmer #MarsHydro #GrowLoud #GrowApp",https://i.ytimg.com/vi/Atyo2l0LU38/hqdefault.jpg,available
"GrowApp | Cannabis App",https://www.youtube.com/@growapp-cannabisapp,UChfrs9H_dI1dQGGxrRafXig,10,"Bud Washing | How-To Wash Your Buds After Harvest",https://www.youtube.com/watch?v=8rpRcgPNNrQ,8rpRcgPNNrQ,2024-08-30T18:56:13Z,01:02,"9,274","Nervous about dunking your hard-earned harvest in water? Relax—we’ve got you with the complete guide to bud washing for your 2026 grow!

Growing your own weed means you’re the boss: washing your buds is how you dial in those premium, clean flowers and flex your green thumb. It’s a whole vibe—removing dust, hair, and outdoor debris to ensure your smoke is pure and flavorful. Let’s clean up your harvest so you can grow LOUD.

🌿 Download GrowApp to track your harvest steps and drying environment: https://growappcannabis.guide/GetTheApp.html

In this video:

The Why: Why washing is a game-changer for outdoor growers and dusty environments.
The 3-Bucket Method: Mastering the lemon juice, baking soda, and pure water rinse cycle.
The 2026 Drying Protocol: How to hang-dry washed buds to prevent mold and lock in quality.
Safety First: Ensuring your trichomes stay on the plant while the dirt goes down the drain.
#CannabisGrow2026 #GrowLoud #BudWashing #HarvestTips #CleanCannabis #HomeGrowTips #GrowApp",https://i.ytimg.com/vi/8rpRcgPNNrQ/hqdefault.jpg,available
"GrowApp | Cannabis App",https://www.youtube.com/@growapp-cannabisapp,UChfrs9H_dI1dQGGxrRafXig,11,"How to make a pesticide with soap and water! #gardening #pesticides #seeds #nutrients #insecticides",https://www.youtube.com/watch?v=r9cSpi7EKbc,r9cSpi7EKbc,2024-05-12T20:53:32Z,00:58,724,,https://i.ytimg.com/vi/r9cSpi7EKbc/hqdefault.jpg,available
"GrowApp | Cannabis App",https://www.youtube.com/@growapp-cannabisapp,UChfrs9H_dI1dQGGxrRafXig,12,"Training | Complete guide in cannabis plant training",https://www.youtube.com/watch?v=Zvx_jFd41s0,Zvx_jFd41s0,2024-02-25T23:45:24Z,00:59,118,"Nervous about snapping a branch or hurting your plants? Relax—we’ve got you with the complete guide to cannabis plant training for your 2026 grow!

Growing your own weed means you’re the boss: training your plants is how you dial in those premium buds and flex your green thumb. It’s a whole vibe—using techniques like LST, topping, and scrogging to create a massive canopy and maximize your yield. Let’s shape your plants for success so you can grow LOUD.

🌿 Download GrowApp to track your training schedule and plant recovery: https://growappcannabis.guide/GetTheApp.html

In this video:

Low Stress Training (LST): How to bend and tie your way to more bud sites without the stress.
Topping & FIMing: Mastering the art of breaking apical dominance for a bushier plant.
The 2026 Scrog: Using a trellis net to create a perfectly even, high-yield canopy.
Recovery Tips: How to help your plants bounce back stronger after a training session.
#CannabisGrow2026 #GrowLoud #PlantTraining #LST #ToppingCannabis #HomeGrowTips #GrowApp",https://i.ytimg.com/vi/Zvx_jFd41s0/hqdefault.jpg,available
"GrowApp | Cannabis App",https://www.youtube.com/@growapp-cannabisapp,UChfrs9H_dI1dQGGxrRafXig,13,"Rehydrate | Tips and tricks for how to perfectly rehydrate weed",https://www.youtube.com/watch?v=rDTJMT_HJms,rDTJMT_HJms,2024-02-25T23:43:01Z,01:35,"2,969","Nervous about your buds becoming too dry and brittle? Relax—we’ve got you with the ultimate tips and tricks for perfectly rehydrating your weed in 2026!

Growing your own weed means you’re the boss: knowing how to restore moisture is how you dial in those premium buds and flex your green thumb. It’s a whole vibe—bringing back the aroma and the smooth smoke of your harvest without risking mold. Let's revive your stash so you can grow LOUD.

🌿 Download GrowApp to monitor your storage environment and keep your buds fresh: https://growappcannabis.guide/GetTheApp.html

In this video:

The 2026 Method: Using humidity packs to slowly and safely restore moisture.
The Natural Way: How to use citrus peels or terra cotta stones for a quick fix.
Avoiding Mold: The critical signs to watch for when re-introducing moisture.
Storage Secrets: How to prevent your buds from drying out in the first place.
#CannabisGrow2026 #GrowLoud #RehydrateWeed #CannabisStorage #HomeGrowTips #GrowApp #CannabisCommunity",https://i.ytimg.com/vi/rDTJMT_HJms/hqdefault.jpg,available
"GrowApp | Cannabis App",https://www.youtube.com/@growapp-cannabisapp,UChfrs9H_dI1dQGGxrRafXig,14,"Vegetative Stage | The guide to vegetative stage for indoor growers",https://www.youtube.com/watch?v=lksARS36hl4,lksARS36hl4,2024-02-25T23:39:54Z,01:01,70,"Nervous about your plants not growing fast enough? Relax—we’ve got you with the ultimate guide to the cannabis vegetative stage for your 2026 indoor grow!

Growing your own weed means you’re the boss: mastering the veg stage is how you dial in those premium buds and flex your green thumb. It’s a whole vibe—pushing your plants to their full potential with the right light cycles, nutrients, and environment. Let's build a massive foundation so you can grow LOUD.

🌿 Download GrowApp to track your veg progress and environment: https://growappcannabis.guide/GetTheApp.html

In this video:

VPD & Environment: Dialing in the heat and humidity for explosive leaf growth.
Feeding for Veg: What your plants crave to build strong stems and lush foliage.
Light Cycles: Why 18/6 is still the gold standard for your 2026 indoor setup.
When to Flip: How to know exactly when your plants are ready for the flowering stage.
#CannabisGrow2026 #GrowLoud #VegetativeStage #IndoorGrow #HomeGrowTips #GrowApp",https://i.ytimg.com/vi/lksARS36hl4/hqdefault.jpg,available
"GrowApp | Cannabis App",https://www.youtube.com/@growapp-cannabisapp,UChfrs9H_dI1dQGGxrRafXig,15,"Flowering Stage | Week by week flowering stage timeline",https://www.youtube.com/watch?v=RbzElYkt9DQ,RbzElYkt9DQ,2024-02-25T23:36:13Z,00:57,"8,520","Nervous about what to expect once your plants start budding? Relax—we’ve got you with the ultimate week-by-week flowering stage timeline for your 2026 grow!

Growing your own weed means you’re the boss: understanding the flowering cycle is how you dial in those premium buds and flex your green thumb. It’s a whole vibe—watching your plants transform from the initial ""stretch"" to heavy, resinous colas. We’re breaking down exactly what happens each week so you can stay ahead of their needs and grow LOUD.

🌿 Download GrowApp to track your flowering progress and see what's coming next: https://growappcannabis.guide/GetTheApp.html

In this video:

Weeks 1-3: Managing the ""flowering stretch"" and the first signs of pistils.
Weeks 4-6: Bud stacking and the beginning of that loud, iconic aroma.
Weeks 7-9+: Trichome checks and the final swell before the harvest window.
The 2026 Checklist: Critical environment and nutrient shifts for a heavy finish.
#CannabisGrow2026 #GrowLoud #FloweringStage #BudGrowth #HomeGrowTips #GrowApp",https://i.ytimg.com/vi/RbzElYkt9DQ/hqdefault.jpg,available
"GrowApp | Cannabis App",https://www.youtube.com/@growapp-cannabisapp,UChfrs9H_dI1dQGGxrRafXig,16,"Topping cannabis plants | Why, when and how to top",https://www.youtube.com/watch?v=hkh92BeJmmw,hkh92BeJmmw,2024-02-25T03:10:38Z,01:05,"7,477","Nervous about cutting the main stem of your prize plant? Relax—we’ve got you with the definitive guide to topping cannabis for your 2026 grow!

Growing your own weed means you’re the boss: topping is how you dial in those premium buds and flex your green thumb. It’s a whole vibe—multiplying your main colas and creating a bushier plant that’s built for massive yields. We’re breaking down the perfect timing and the exact technique so you can cut with confidence and grow LOUD.

🌿 Download GrowApp to track your topping schedule and monitor plant recovery: https://growappcannabis.guide/GetTheApp.html

In this video:

The Why: Understanding how breaking apical dominance creates more bud sites.
The When: Identifying the ""Sweet Spot""—which node is best for that first cut?
The How: A step-by-step walkthrough of the cleanest way to top without stressing your plant.
The 2026 Technique: Why ""Topping"" vs. ""FIMing"" might be better for your specific setup.
#CannabisGrow2026 #GrowLoud #ToppingCannabis #PlantTraining #HomeGrowTips #GrowApp #CannabisCommunity",https://i.ytimg.com/vi/hkh92BeJmmw/hqdefault.jpg,available
"GrowApp | Cannabis App",https://www.youtube.com/@growapp-cannabisapp,UChfrs9H_dI1dQGGxrRafXig,17,Subscribe,https://www.youtube.com/watch?v=YPqG0ZBg4X8,YPqG0ZBg4X8,2024-02-25T02:56:53Z,00:55,112,"Introducing GrowApp by Loyal9, the ultimate companion for cannabis growers!

With GrowApp, you can take complete control of your cannabis growth process. Whether you're a seasoned grower or just starting out, this app is perfect for you.

MyGrow, the heart of GrowApp, allows you to create a personalized guide for every day of your grow. Simply answer a few questions about your grow, and MyGrow will provide you with expert recommendations tailored to each stage of your plant's lifecycle. From determining the optimal levels of light, water, and nutrients to understanding the unique demands of each growth stage, MyGrow ensures that you give your plants the care they need to thrive.

But that's not all - GrowApp also offers additional features to enhance your growing experience. If you encounter any issues with your plants, the Plant Doctor is there to help diagnose and treat them. Take advantage of MyDiary, a note-taking feature that lets you reflect on every day of your grow, ensuring you have a record of your progress and insights.

Experience the convenience and expertise of GrowApp by Loyal9. Start growing your best cannabis plants today!

https://www.loyal9.app/tools/GetTheApp.html",https://i.ytimg.com/vi/YPqG0ZBg4X8/hqdefault.jpg,available
"GrowApp | Cannabis App",https://www.youtube.com/@growapp-cannabisapp,UChfrs9H_dI1dQGGxrRafXig,18,"Zinc Deficiency | Identify, Treat, Prevent",https://www.youtube.com/watch?v=QnWTA5XBaU4,QnWTA5XBaU4,2024-02-23T03:03:56Z,00:57,"1,190","Nervous about seeing your new leaves coming in twisted, thin, and yellow while the stems stop stretching? Relax—we’ve got you with the ultimate guide to fixing Zinc deficiency for your 2026 grow!

Growing your own weed means you’re the boss: Zinc is essential for stem growth and leaf production, and mastering its balance is how you flex your green thumb. It’s a whole vibe—understanding that Zinc is ""immobile"" so you can spot the warning signs in the new growth before your whole plant turns into a ""bushy"" mess. We’re breaking down the fast-acting organic fixes and the pH secrets so you can stay on track and grow LOUD.

🌿 Use the Plant Doctor in GrowApp to diagnose twisted new growth and get an instant organic Zinc-boost feeding plan: https://growappcannabis.guide/GetTheApp.html

In this video:

Identification: Spotting the signature ""interveinal chlorosis"" on new leaves—where the veins stay green but the rest turns pale—and the bunchy, ""rosette"" look of the top canopy.
The Quick Fix: How to use a chelated Zinc foliar spray for immediate absorption, bypassing root-zone issues for a rapid recovery.
The 2026 Hormone Protocol: Why Zinc is the key to producing Auxins, the hormones that tell your plant to stretch and grow big.
Prevention: The ""Boss"" strategy for keeping your root zone below 6.5 pH—because if your soil is too alkaline, your plant literally can't ""grab"" the Zinc that's already there!
#CannabisGrow2026 #GrowLoud #PlantDoctor #ZincDeficiency #CannabisNutrients #HomeGrowTips #GrowApp",https://i.ytimg.com/vi/QnWTA5XBaU4/hqdefault.jpg,available
"GrowApp | Cannabis App",https://www.youtube.com/@growapp-cannabisapp,UChfrs9H_dI1dQGGxrRafXig,19,"Wind Burn | Identify, Treat, Prevent",https://www.youtube.com/watch?v=ZUBPP0krUI0,ZUBPP0krUI0,2024-02-23T03:01:43Z,00:56,"6,121","Nervous about seeing your leaves curling downwards like a ""claw"" even though your nutrients are on point? Relax—we’ve got you with the ultimate guide to fixing Wind Burn for your 2026 grow!

Growing your own weed means you’re the boss: maintaining the perfect breeze without ""battering"" your plants is how you ensure steady growth and flex your green thumb. It’s a whole vibe—understanding that too much direct air is basically like ""windburn"" on your own skin, drying out the cells faster than the plant can drink. We’re breaking down the fan placement hacks and the ""gentle dance"" secrets so you can keep your garden happy and grow LOUD.

🌿 Use the Plant Doctor in GrowApp to differentiate between Wind Burn and Nitrogen Toxicity with a quick side-by-side visual check: https://growappcannabis.guide/GetTheApp.html

In this video:

Identification: Spotting the signature ""clawing"" leaves—where they curl under and look twisted—specifically on the side of the plant facing the fan.
The Quick Fix: Why moving your fans or turning them away from the plants provides an immediate ""relief"" for stressed-out foliage.
The 2026 Airflow Protocol: How to set up your oscillating fans to create a ""gentle dance"" instead of a direct blast, ensuring CO2 stays fresh without the damage.
Prevention: The ""Boss"" strategy of ""Wall Bouncing""—pointing fans at the grow tent walls to create indirect, turbulent airflow that covers every leaf safely.
#CannabisGrow2026 #GrowLoud #PlantDoctor #WindBurn #CannabisCare #HomeGrowTips #GrowApp",https://i.ytimg.com/vi/ZUBPP0krUI0/hqdefault.jpg,available
"GrowApp | Cannabis App",https://www.youtube.com/@growapp-cannabisapp,UChfrs9H_dI1dQGGxrRafXig,20,"Whiteflies | Identify, Treat, Prevent",https://www.youtube.com/watch?v=hgEOHEP5Yek,hgEOHEP5Yek,2024-02-23T02:59:36Z,00:50,230,"Nervous about seeing a cloud of tiny white insects fly up when you shake your plants? Relax—we’ve got you with the ultimate guide to stopping Whiteflies for your 2026 grow!

Growing your own weed means you’re the boss: protecting your girls from these prolific sap-suckers is how you ensure top-shelf quality and flex your green thumb. It’s a whole vibe—understanding that they hide on the undersides of leaves so you can catch them before they spread ""honeydew"" and sooty mold. We’re breaking down the organic knockdown sprays and the yellow sticky-trap secrets so you can stay on track and grow LOUD.

🌿 Use the Plant Doctor in GrowApp to identify leaf pests and get an instant organic treatment schedule: https://growappcannabis.guide/GetTheApp.html

In this video:

Identification: Spotting the signature tiny white ""moth-like"" insects and the pale, oval nymphs stuck to the undersides of your fan leaves.
The 2026 Knockdown Protocol: Why insecticidal soaps and horticultural oils are your best organic weapons to smother all life stages—from egg to adult.
Nature’s Assassins: Why releasing ladybugs or Encarsia formosa (predatory wasps) is the ""Boss"" way to let the food chain do the heavy lifting for you.
Prevention: Using yellow sticky traps to catch the adults early—because Whiteflies are irresistibly attracted to the color yellow!
#CannabisGrow2026 #GrowLoud #PlantDoctor #Whiteflies #PestManagement #HomeGrowTips #GrowApp",https://i.ytimg.com/vi/hgEOHEP5Yek/hqdefault.jpg,available
"GrowApp | Cannabis App",https://www.youtube.com/@growapp-cannabisapp,UChfrs9H_dI1dQGGxrRafXig,21,"White Powdery Mildew | Identify, Treat, Prevent",https://www.youtube.com/watch?v=aTvTPSvSjh0,aTvTPSvSjh0,2024-02-23T02:57:42Z,00:59,"7,737","Nervous about seeing weird white ""flour"" spots appearing on your lower fan leaves? Relax—we’ve got you with the ultimate guide to stopping White Powdery Mildew for your 2026 grow!

Growing your own weed means you’re the boss: keeping your garden fungus-free is how you ensure top-shelf quality and flex your green thumb. It’s a whole vibe—understanding that high humidity and stagnant air are WPM’s playground so you can stop the spread before it hits your buds. We’re breaking down the organic milk-spray secrets and the airflow protocols so you can keep your plants clean and grow LOUD.

🌿 Use the Plant Doctor in GrowApp to identify leaf fungus and get a custom organic sterilization and airflow schedule: https://growappcannabis.guide/GetTheApp.html

In this video:

Identification: Spotting the signature white, circular patches that look like dust or flour but don't wipe off easily.
The Quick Fix: How to use a 40/60 milk-and-water foliar spray—because the protein in milk actually ""burns"" the fungus under light!
The 2026 Airflow Protocol: Why defoliation and oscillating fans are your best ""Boss"" moves to eliminate the ""dead air"" pockets where mildew thrives.
Prevention: Keeping your night-time humidity below 50%—because once the lights go out, that's when the spores start their move!
#CannabisGrow2026 #GrowLoud #PlantDoctor #PowderyMildew #CannabisCare #HomeGrowTips #GrowApp",https://i.ytimg.com/vi/aTvTPSvSjh0/hqdefault.jpg,available
"GrowApp | Cannabis App",https://www.youtube.com/@growapp-cannabisapp,UChfrs9H_dI1dQGGxrRafXig,22,"Under Watering | Identify, Treat, Prevent",https://www.youtube.com/watch?v=TckGsRgylWE,TckGsRgylWE,2024-02-23T02:55:23Z,00:53,105,"Nervous about seeing your plants looking limp and ""sad"" with bone-dry soil? Relax—we’ve got you with the ultimate guide to fixing Under Watering for your 2026 grow!

Growing your own weed means you’re the boss: mastering the art of the ""dry cycle"" is how you build a massive root system and flex your green thumb. It’s a whole vibe—understanding that your plant is literally losing its ""internal pressure"" (turgor) so you can bring it back to life in minutes. We’re breaking down the bottom-watering hacks and the ""weight test"" secrets so you can stay on track and grow LOUD.

🌿 Use the Plant Doctor in GrowApp to calculate your plant's water needs based on pot size and stage of growth: https://growappcannabis.guide/GetTheApp.html

In this video:

Identification: Spotting the signature ""thin"" leaf feel and the way the entire plant wilts—unlike overwatering, where the leaves look heavy and curled.
The Quick Fix: Why ""slow and steady"" watering is the secret to re-hydrating hydrophobic soil that’s pulling away from the sides of the pot.
The 2026 Recovery Protocol: How to use a simple ""bottom-soak"" to ensure the core of your root ball gets a drink, not just the surface.
Prevention: The ""Boss"" way to check your plants—lifting the pot to feel the weight and why a ""light"" pot is the only signal you need to feed.
#CannabisGrow2026 #GrowLoud #PlantDoctor #UnderWatering #CannabisCare #HomeGrowTips #GrowApp",https://i.ytimg.com/vi/TckGsRgylWE/hqdefault.jpg,available
"GrowApp | Cannabis App",https://www.youtube.com/@growapp-cannabisapp,UChfrs9H_dI1dQGGxrRafXig,23,"Tobacco Mosaic Virus (TMV) | Identify, Treat, Prevent",https://www.youtube.com/watch?v=7IWasUBMyzE,7IWasUBMyzE,2024-02-23T02:53:30Z,00:43,993,"Nervous about seeing weird, yellow-mottled patterns or twisted ""one-sided"" growth on your leaves? Relax—we’ve got you with the ultimate guide to managing TMV for your 2026 grow!

Growing your own weed means you’re the boss: keeping your garden virus-free is how you ensure top-shelf quality and flex your green thumb. It’s a whole vibe—understanding that this virus is ""hitchhiking"" on tools and hands so you can stop the spread before it stunts your whole tent. We’re breaking down the sanitation secrets and the ""quarantine"" protocols so you can keep your plants clean and grow LOUD.

🌿 Use the Plant Doctor in GrowApp to identify mottled leaf patterns and get an instant garden-wide sanitation plan: https://growappcannabis.guide/GetTheApp.html

In this video:

Identification: Spotting the classic ""mosaic"" pattern—irregular yellow and green patches—and the strange, ""canoeing"" leaf twist that often comes with it.
The Hard Truth: Why there is no ""cure"" for TMV and why removing infected plants immediately is your best ""Boss"" move for the rest of the garden.
The 2026 Sanitation Protocol: Why washing your hands with milk or soap and sterilizing tools after every use is the secret to stopping the hitchhike.
Prevention: Why you should never smoke tobacco around your plants—the virus can literally jump from your cigarette or hands right onto your leaves!
#CannabisGrow2026 #GrowLoud #PlantDoctor #TMV #TobaccoMosaicVirus #CannabisCare #HomeGrowTips #GrowApp",https://i.ytimg.com/vi/7IWasUBMyzE/hqdefault.jpg,available
"GrowApp | Cannabis App",https://www.youtube.com/@growapp-cannabisapp,UChfrs9H_dI1dQGGxrRafXig,24,"Thrips | Identify, Treat, Prevent",https://www.youtube.com/watch?v=zU5VX5lRQEU,zU5VX5lRQEU,2024-02-23T02:51:34Z,01:05,"1,173","Nervous about seeing shiny, silver or bronze ""scars"" on your leaves that look like dried snail trails? Relax—we’ve got you with the ultimate guide to stopping Thrips for your 2026 grow!

Growing your own weed means you’re the boss: keeping these needle-thin insects off your girls is how you dial in those heavy, frosty buds and flex your green thumb. It’s a whole vibe—understanding that Thrips suck the juice right out of your cells so you can stop the ""silvering"" before it stalls your harvest. We’re breaking down the best organic knockdown sprays and the sticky-trap secrets so you can protect your garden and grow LOUD.

🌿 Use the Plant Doctor in GrowApp to identify leaf ""silvering"" and get an instant organic treatment schedule: https://growappcannabis.guide/GetTheApp.html

In this video:

Identification: Spotting the signature ""silver streaks"" on leaf surfaces and the tiny black specks of waste they leave behind.
The 2026 Knockdown Protocol: Why Spinosad and insecticidal soaps are your best organic weapons for an immediate reset.
Nature’s Assassins: Introducing Amblyseius cucumeris (predatory mites) to your grow to let the food chain keep the population in check.
Prevention: The ""Boss"" strategy of using blue sticky traps—because Thrips are specifically attracted to blue more than any other color!
#CannabisGrow2026 #GrowLoud #PlantDoctor #Thrips #PestManagement #HomeGrowTips #GrowApp",https://i.ytimg.com/vi/zU5VX5lRQEU/hqdefault.jpg,available
"GrowApp | Cannabis App",https://www.youtube.com/@growapp-cannabisapp,UChfrs9H_dI1dQGGxrRafXig,25,"Sulfur Deficiency | Identify, Treat, Prevent",https://www.youtube.com/watch?v=uuV2kmXnfMo,uuV2kmXnfMo,2024-02-23T02:49:05Z,00:56,"1,249","Nervous about seeing your newest leaves turning a pale, lime-green while the rest of the plant looks fine? Relax—we’ve got you with the ultimate guide to fixing Sulfur deficiency for your 2026 grow!

Growing your own weed means you’re the boss: Sulfur is essential for protein and terpene production, and mastering its balance is how you flex your green thumb. It’s a whole vibe—understanding that Sulfur is ""immobile"" so you can spot the warning signs at the top before your whole plant stalls out. We’re breaking down the fast-acting organic fixes and the pH secrets so you can stay on track and grow LOUD.

🌿 Use the Plant Doctor in GrowApp to diagnose top-growth yellowing and get an instant organic Sulfur-boost feeding plan: https://growappcannabis.guide/GetTheApp.html

In this video:

Identification: Spotting the signature yellowing of new growth and those telltale purple streaks on the undersides of leaf stalks.
The Quick Fix: How to use Epsom salts (Magnesium Sulfate) for a rapid Sulfur delivery that won't mess up your Nitrogen balance.
The 2026 Terpene Protocol: Why Sulfur is the ""secret sauce"" for resin production and how to keep it available throughout the flower.
Prevention: The ""Boss"" strategy for maintaining a steady 6.0–6.5 pH—because if your root zone is too high, your plant can't touch the Sulfur you're giving it!
#CannabisGrow2026 #GrowLoud #PlantDoctor #SulfurDeficiency #CannabisNutrients #HomeGrowTips #GrowApp",https://i.ytimg.com/vi/uuV2kmXnfMo/hqdefault.jpg,available
"GrowApp | Cannabis App",https://www.youtube.com/@growapp-cannabisapp,UChfrs9H_dI1dQGGxrRafXig,26,"Stink Bugs | Identify, Treat, Prevent",https://www.youtube.com/watch?v=uhfAtQAEL6I,uhfAtQAEL6I,2024-02-23T02:47:06Z,01:05,299,"Nervous about seeing shield-shaped insects crawling on your buds or finding weird ""dimples"" on your stems? Relax—we’ve got you with the ultimate guide to stopping Stink Bugs for your 2026 grow!

Growing your own weed means you’re the boss: protecting your plants from these sap-sucking tanks is how you ensure top-shelf quality and flex your green thumb. It’s a whole vibe—learning to remove them safely so they don't release that signature ""defense"" scent all over your garden. We’re breaking down the physical removal hacks and the organic barrier secrets so you can stay on track and grow LOUD.

🌿 Use the Plant Doctor in GrowApp to identify shield-shaped pests and get a custom organic knockdown plan: https://growappcannabis.guide/GetTheApp.html

In this video:

Identification: Spotting the classic ""shield"" shape and those tiny, barrel-shaped eggs hidden on the undersides of your fan leaves.
The Quick Fix: How to use a ""Soap Bucket"" for safe physical removal—because vacuuming or squishing them is a one-way ticket to a stinky grow room!
The 2026 Barrier Protocol: Why fine mesh netting and clearing perimeter weeds are your best defense against a late-season invasion.
Prevention: The ""Boss"" strategy for using essential oil sprays like mint or garlic to make your garden a ""no-fly zone"" for these pests.
#CannabisGrow2026 #GrowLoud #PlantDoctor #StinkBugs #PestManagement #HomeGrowTips #GrowApp",https://i.ytimg.com/vi/uhfAtQAEL6I/hqdefault.jpg,available
"GrowApp | Cannabis App",https://www.youtube.com/@growapp-cannabisapp,UChfrs9H_dI1dQGGxrRafXig,27,"Spider Mites | Identify, Treat, Prevent",https://www.youtube.com/watch?v=MLwNVraQxwM,MLwNVraQxwM,2024-02-23T02:43:42Z,00:58,"9,360","Nervous about seeing tiny white or yellow dots appearing on the surface of your fan leaves? Relax—we’ve got you with the ultimate guide to stopping Spider Mites for your 2026 grow!

Growing your own weed means you’re the boss: keeping these microscopic invaders at bay is how you dial in those premium buds and flex your green thumb. It’s a whole vibe—understanding that by the time you see webs, the colony is already huge. We’re breaking down the organic knockdown sprays and the predatory insect secrets so you can protect your plants and grow LOUD.

🌿 Use the Plant Doctor in GrowApp to identify leaf stippling and get an instant organic IPM (Integrated Pest Management) plan: https://growappcannabis.guide/GetTheApp.html

In this video:

Identification: Spotting the signature ""stippling"" (tiny bite marks) on the top of leaves and the ""moving dust"" on the undersides.
The 2026 Knockdown Protocol: Why high-pressure water sprays and insecticidal soaps are your best organic weapons for an immediate reset.
Nature’s Assassins: Introducing Phytoseiulus persimilis (predatory mites) to your garden to let the food chain do the heavy lifting.
Prevention: Why keeping your grow room cool and humid is the ""Boss"" way to slow down their life cycle and prevent an outbreak.
#CannabisGrow2026 #GrowLoud #PlantDoctor #SpiderMites #PestManagement #HomeGrowTips #GrowApp",https://i.ytimg.com/vi/MLwNVraQxwM/hqdefault.jpg,available
"GrowApp | Cannabis App",https://www.youtube.com/@growapp-cannabisapp,UChfrs9H_dI1dQGGxrRafXig,28,"Slugs or Snails | Identify, Treat, Prevent",https://www.youtube.com/watch?v=RM7tIeKY5IA,RM7tIeKY5IA,2024-02-23T02:29:31Z,01:06,64,"Nervous about waking up to find huge, irregular holes in your leaves or a shimmering silver trail across your soil? Relax—we’ve got you with the ultimate guide to stopping Slugs and Snails for your 2026 grow!

Growing your own weed means you’re the boss: protecting your girls from these silent munchers is how you ensure a heavy harvest and flex your green thumb. It’s a whole vibe—understanding that moisture and darkness are their playgrounds so you can stay one step ahead. We’re breaking down the organic barrier secrets and the ""beer trap"" legends so you can keep your plants clean and grow LOUD.

🌿 Use the Plant Doctor in GrowApp to identify leaf damage and get a custom organic pest-control schedule for your outdoor garden: https://growappcannabis.guide/GetTheApp.html

In this video:

Identification: Spotting the telltale shimmering slime trails and those large, jagged holes that always seem to appear overnight.
The Quick Fix: How to set up a classic ""Beer Trap"" to lure them away from your plants and why physical removal at dusk is your best immediate defense.
The 2026 Barrier Protocol: Why copper tape and diatomaceous earth are the ultimate ""Boss"" barriers to keep soft-bodied pests off your stalks.
Prevention: Clearing away mulch and garden debris where they hide during the day—because a clean garden is a safe garden!
#CannabisGrow2026 #GrowLoud #PlantDoctor #SlugsAndSnails #PestManagement #HomeGrowTips #GrowApp",https://i.ytimg.com/vi/RM7tIeKY5IA/hqdefault.jpg,available
"GrowApp | Cannabis App",https://www.youtube.com/@growapp-cannabisapp,UChfrs9H_dI1dQGGxrRafXig,29,"Root Rot | Identify, Treat, Prevent",https://www.youtube.com/watch?v=z_ScrssHzc8,z_ScrssHzc8,2024-02-23T02:26:15Z,00:59,"2,146","Nervous about seeing your plants droop even after watering, or catching a whiff of a swampy, rotten smell from your pots? Relax—we’ve got you with the ultimate guide to stopping Root Rot for your 2026 grow!

Growing your own weed means you’re the boss: the roots are the engine of your plant, and keeping them healthy is how you flex your green thumb. It’s a whole vibe—understanding that ""too much love"" (and water) leads to the dreaded brown mush so you can avoid plant death and keep your garden thriving. We’re breaking down the oxygenation secrets and the ""root reset"" protocols so you can stay on track and grow LOUD.

🌿 Use the Plant Doctor in GrowApp to diagnose root rot and get a step-by-step sterilization and recovery plan: https://growappcannabis.guide/GetTheApp.html

In this video:

Identification: Spotting the signature limp, yellowing leaves and the telltale ""wet basement"" smell that signals anaerobic bacteria have moved in.
The Quick Fix: How to use diluted hydrogen peroxide to kill off the rot and deliver an instant oxygen blast to the surviving roots.
The 2026 Recovery Protocol: Why you must clean your pots and switch to fresh, well-aerated soil if the roots have turned brown and slimy.
Prevention: The ""Boss"" strategy of adding 30% perlite for drainage and why you should never water until the top two inches of soil are bone-dry.
#CannabisGrow2026 #GrowLoud #PlantDoctor #RootRot #CannabisCare #HomeGrowTips #GrowApp",https://i.ytimg.com/vi/z_ScrssHzc8/hqdefault.jpg,available
"GrowApp | Cannabis App",https://www.youtube.com/@growapp-cannabisapp,UChfrs9H_dI1dQGGxrRafXig,30,"Root Problems | Identify, Treat, Prevent",https://www.youtube.com/watch?v=v1S0MVoTPIQ,v1S0MVoTPIQ,2024-02-23T02:23:16Z,00:42,99,"Nervous about seeing your plants droop even after watering, or catching a whiff of a swampy, rotten smell from your pots? Relax—we’ve got you with the ultimate guide to fixing Root Problems for your 2026 grow!

Growing your own weed means you’re the boss: the roots are the engine of your plant, and keeping them healthy is how you flex your green thumb. It’s a whole vibe—understanding that ""wet feet"" lead to root rot so you can avoid total plant collapse and keep your garden thriving. We’re breaking down the oxygenation secrets and the ""root reset"" protocols so you can stay on track and grow LOUD.

🌿 Use the Plant Doctor in GrowApp to diagnose root rot and get a step-by-step sterilization and recovery plan: https://growappcannabis.guide/GetTheApp.html

In this video:

Identification: Spotting the signature limp, yellowing leaves and the telltale ""wet basement"" smell that signals a root zone in trouble.
The Quick Fix: How to use diluted hydrogen peroxide to kill off anaerobic bacteria and deliver an instant oxygen blast to the roots.
The 2026 Recovery Protocol: Why you need to transplant into fresh, well-aerated soil if the ""mush"" has already started.
Prevention: Mastering the ""Wet-Dry"" cycle and why adding 30% perlite to your mix is the ""Boss"" way to prevent drainage issues before they start.
#CannabisGrow2026 #GrowLoud #PlantDoctor #RootRot #CannabisCare #HomeGrowTips #GrowApp",https://i.ytimg.com/vi/v1S0MVoTPIQ/hqdefault.jpg,available
"GrowApp | Cannabis App",https://www.youtube.com/@growapp-cannabisapp,UChfrs9H_dI1dQGGxrRafXig,31,"Potassium Deficiency | Identify, Treat, Prevent",https://www.youtube.com/watch?v=PBbSzNmnsoA,PBbSzNmnsoA,2024-02-23T02:20:44Z,00:49,"1,529","Nervous about seeing the edges of your older leaves turning brown and crispy while the veins stay green? Relax—we’ve got you with the ultimate guide to fixing Potassium deficiency for your 2026 grow!

Growing your own weed means you’re the boss: mastering the ""K"" in your N-P-K is how you build strong stems and flex your green thumb. It’s a whole vibe—understanding how Potassium manages your plant's ""sweat"" (transpiration) so you can avoid weak branches and small yields. We’re breaking down the fast organic fixes and the salt-management secrets so you can stay on track and grow LOUD.

🌿 Use the Plant Doctor in GrowApp to diagnose edge-burn and get an instant organic feeding adjustment: https://growappcannabis.guide/GetTheApp.html

In this video:

Identification: Spotting the signature ""burnt"" leaf margins on older growth and how to tell it apart from standard nutrient burn.
The Quick Fix: How to use water-soluble kelp meal or sulfate of potash for a rapid energy boost during the flowering stretch.
The 2026 Water Protocol: Why high salt buildup is the ""secret"" reason your plant is locked out of the Potassium it needs.
Prevention: Maintaining a steady 6.0–7.0 pH and using organic compost teas to keep your microbial life thriving and nutrients available.
#CannabisGrow2026 #GrowLoud #PlantDoctor #PotassiumDeficiency #CannabisNutrients #HomeGrowTips #GrowApp",https://i.ytimg.com/vi/PBbSzNmnsoA/hqdefault.jpg,available
"GrowApp | Cannabis App",https://www.youtube.com/@growapp-cannabisapp,UChfrs9H_dI1dQGGxrRafXig,32,"Planthoppers | Identify, Treat, Prevent",https://www.youtube.com/watch?v=Y5ZZXA2-R5M,Y5ZZXA2-R5M,2024-02-23T02:18:10Z,01:01,63,"Nervous about seeing tiny, wedge-shaped insects that ""hop"" away the second you touch a branch? Relax—we’ve got you with the ultimate guide to stopping Planthoppers for your 2026 grow!

Growing your own weed means you’re the boss: protecting your stems from these sap-suckers is how you dial in those premium buds and flex your green thumb. It’s a whole vibe—learning to spot the ""nymph"" fluff before it turns into a full-blown infestation that stalls your growth. We’re breaking down the best organic knockdown sprays and the physical removal secrets so you can protect your garden and grow LOUD.

🌿 Use the Plant Doctor in GrowApp to identify ""hopping"" insects and get an instant organic pest-control plan: https://growappcannabis.guide/GetTheApp.html

In this video:

Identification: Spotting the adult ""wedges"" and the flat, waxy nymphs that hide under leaves and at node junctions.
The 2026 Treatment Plan: Why high-pressure water blasts and insecticidal soaps are your first line of defense.
Nature’s Assassins: Introducing Assassin Bugs and spiders to your outdoor grow to let the food chain do the work.
Prevention: The ""Boss"" strategy of clearing nearby weeds and using physical barriers like fine mesh to keep the hoppers out.
#CannabisGrow2026 #GrowLoud #PlantDoctor #Planthoppers #PestManagement #HomeGrowTips #GrowApp",https://i.ytimg.com/vi/Y5ZZXA2-R5M/hqdefault.jpg,available
"GrowApp | Cannabis App",https://www.youtube.com/@growapp-cannabisapp,UChfrs9H_dI1dQGGxrRafXig,33,"Phosphorus Deficiency | Identify, Treat, Prevent",https://www.youtube.com/watch?v=0eljV5VTQf0,0eljV5VTQf0,2024-02-23T02:12:27Z,00:47,872,"Nervous about seeing dark, metallic blue-green leaves with strange purple or bronze splotches? Relax—we’ve got you with the ultimate guide to fixing Phosphorus deficiency for your 2026 grow!

Growing your own weed means you’re the boss: mastering your bloom-stage macros is how you dial in those heavy, resinous buds and flex your green thumb. It’s a whole vibe—understanding that without Phosphorus, your energy transfer stops, and your yield tanks. We’re breaking down the fast-acting organic fixes and the ""bloom booster"" secrets so you can stay on track and grow LOUD.

🌿 Use the Plant Doctor in GrowApp to diagnose dark leaf spots and get a custom PK-booster feeding schedule: https://growappcannabis.guide/GetTheApp.html

In this video:

Identification: Spotting the signature dark, metallic foliage and the telltale purple splotches on older leaves.
The Quick Fix: How to use high-P bat guano or bone meal to deliver a rapid nutrient spike when your plants need it most.
The 2026 Energy Protocol: Why Phosphorus is the ""battery"" for your plant's internal energy (ATP) and how to keep it charged.
Prevention: The ""Boss"" strategy for balancing cold temperatures and pH—because cold roots can't drink Phosphorus, no matter how much you feed!
#CannabisGrow2026 #GrowLoud #PlantDoctor #PhosphorusDeficiency #CannabisNutrients #HomeGrowTips #GrowApp",https://i.ytimg.com/vi/0eljV5VTQf0/hqdefault.jpg,available
"GrowApp | Cannabis App",https://www.youtube.com/@growapp-cannabisapp,UChfrs9H_dI1dQGGxrRafXig,34,"pH Fluctuations | Identify, Treat, Prevent",https://www.youtube.com/watch?v=QsFn2GmuB_8,QsFn2GmuB_8,2024-02-23T02:10:13Z,01:03,"1,205","Nervous about seeing random spots, twisted growth, or multiple deficiencies popping up at once? Relax—we’ve got you with the ultimate guide to stabilizing pH for your 2026 grow!

Growing your own weed means you’re the boss: mastering your water chemistry is how you avoid nutrient lockout and flex your green thumb. It’s a whole vibe—understanding that if your pH isn't dialed in, your expensive nutrients are just going to waste. We’re breaking down the ""swing"" secrets and the root zone reset so you can protect your plants and grow LOUD.

🌿 Use the Plant Doctor in GrowApp to track your runoff pH and get instant calibration steps for your reservoir: https://growappcannabis.guide/GetTheApp.html

In this video:

Identification: Spotting the ""mystery"" symptoms—brown spots, yellowing, and leaf twisting that look like three deficiencies at once.
The Quick Fix: How to perform a ""pH Reset"" by flushing with 6.0–6.5 pH water (for soil) to bring the root zone back into the sweet spot.
The 2026 Stability Hack: Why checking your runoff is more important than checking your reservoir.
Prevention: Calibrating your pens weekly and why organic buffers like dolomite lime are your best friend for long-term stability.
#CannabisGrow2026 #GrowLoud #PlantDoctor #pHFluctuations #NutrientLockout #HomeGrowTips #GrowApp",https://i.ytimg.com/vi/QsFn2GmuB_8/hqdefault.jpg,available
"GrowApp | Cannabis App",https://www.youtube.com/@growapp-cannabisapp,UChfrs9H_dI1dQGGxrRafXig,35,"Overwatering | Identify, Treat, Prevent",https://www.youtube.com/watch?v=v1LoSQUoFxI,v1LoSQUoFxI,2024-02-23T02:06:21Z,00:58,"2,357","Nervous about seeing leaves that are firm, heavy, and drooping downward from the stem? Relax—we’ve got you with the ultimate guide to fixing Overwatering for your 2026 grow!

Growing your own weed means you’re the boss: mastering the ""wet-dry"" cycle is how you avoid root rot and flex your green thumb. It’s a whole vibe—understanding that roots need oxygen just as much as water so you can keep your plants vigorous and stacking weight. We’re breaking down the recovery protocols and the ""lift test"" secrets so you can stay on track and grow LOUD.

🌿 Use the Plant Doctor in GrowApp to diagnose drooping leaves and get a custom watering schedule based on your pot size: https://growappcannabis.guide/GetTheApp.html

In this video:

Identification: Spotting the difference between overwatering (heavy, drooping leaves) and underwatering (limp, thin leaves).
The Quick Fix: How to increase airflow to the root zone and why you should wait until the top 2 inches of soil are bone-dry.
The 2026 Drainage Protocol: Why using fabric pots and perlite is your best defense against ""wet feet"" and root-smothering pathogens.
Prevention: Mastering the ""Lift Test""—learning to judge water needs by the weight of the pot before you grab the watering can.
#CannabisGrow2026 #GrowLoud #PlantDoctor #Overwatering #CannabisCare #HomeGrowTips #GrowApp",https://i.ytimg.com/vi/v1LoSQUoFxI/hqdefault.jpg,available
"GrowApp | Cannabis App",https://www.youtube.com/@growapp-cannabisapp,UChfrs9H_dI1dQGGxrRafXig,36,"Nutrient Burn | Identify, Treat, Prevent",https://www.youtube.com/watch?v=wRfVE1sRy4c,wRfVE1sRy4c,2024-02-23T02:04:04Z,00:56,"8,374","Nervous about seeing crispy, brown ""burnt"" tips appearing on your newest fan leaves? Relax—we’ve got you with the ultimate guide to fixing Nutrient Burn for your 2026 grow!

Growing your own weed means you’re the boss: knowing when your plants have had enough ""gas"" is how you dial in those premium buds and flex your green thumb. It’s a whole vibe—understanding how to balance your PPMs so you can push your genetics to the limit without crossing the line. We’re breaking down the flushing protocols and the feed-reset secrets so you can stay on track and grow LOUD.

🌿 Use the Plant Doctor in GrowApp to check your leaf tips and get an instant PPM/EC adjustment plan: https://growappcannabis.guide/GetTheApp.html

In this video:

Identification: Spotting the signature yellow or brown ""burnt"" tips and why it only affects the newest growth first.
The Quick Fix: How to perform a root zone flush with pH-balanced water to lower the salt concentration immediately.
The 2026 Reset: Why ""less is more""—learning to read the subtle signs before the tips turn crispy.
Prevention: Mastering your EC/PPM meters and why you should always aim for the low end of the recommended dosage.
#CannabisGrow2026 #GrowLoud #PlantDoctor #NutrientBurn #CannabisNutrients #HomeGrowTips #GrowApp",https://i.ytimg.com/vi/wRfVE1sRy4c/hqdefault.jpg,available
"GrowApp | Cannabis App",https://www.youtube.com/@growapp-cannabisapp,UChfrs9H_dI1dQGGxrRafXig,37,"Nitrogen Toxicity | Identify, Treat, Prevent",https://www.youtube.com/watch?v=hK4i2nB0D20,hK4i2nB0D20,2024-02-23T02:01:31Z,00:51,"4,557","Nervous about seeing leaves that are ""unnaturally"" dark green with tips curling down like a claw? Relax—we’ve got you with the ultimate guide to fixing Nitrogen Toxicity for your 2026 grow!

Growing your own weed means you’re the boss: knowing when to dial back the gas is how you avoid airy buds and flex your green thumb. It’s a whole vibe—understanding how excess Nitrogen interferes with flowering so you can keep your plants stacking weight and resin. We’re breaking down the flushing protocols and the ""reset"" secrets so you can stay on track and grow LOUD.

🌿 Use the Plant Doctor in GrowApp to check your leaf color against our digital database and get a flushing schedule: https://growappcannabis.guide/GetTheApp.html

In this video:

Identification: Spotting the signature ""Eagle Claw"" leaf tips and that deep, waxy forest green color that signals an OD.
The Quick Fix: How to perform a gentle root zone flush to wash away excess salts without drowning your girls.
The 2026 Reset: Why switching to a bloom-heavy nutrient profile is your best bet during the early flowering stretch.
Prevention: Mastering your EC/PPM readings and learning to ""read the leaves"" before the tips start to burn.
#CannabisGrow2026 #GrowLoud #PlantDoctor #NitrogenToxicity #CannabisNutrients #HomeGrowTips #GrowApp",https://i.ytimg.com/vi/hK4i2nB0D20/hqdefault.jpg,available
"GrowApp | Cannabis App",https://www.youtube.com/@growapp-cannabisapp,UChfrs9H_dI1dQGGxrRafXig,38,"Nitrogen Deficiency | Identify, Treat, Prevent",https://www.youtube.com/watch?v=83IARQzPMFU,83IARQzPMFU,2024-02-23T01:58:50Z,01:07,"1,308","Nervous about seeing your older, bottom leaves turning pale yellow and dropping off? Relax—we’ve got you with the ultimate guide to fixing Nitrogen deficiency for your 2026 grow!

Growing your own weed means you’re the boss: mastering your primary macros is how you dial in those premium buds and flex your green thumb. It’s a whole vibe—understanding how your plant moves Nitrogen from the bottom up so you can stop the yellowing and keep your garden thriving. We’re breaking down the fast fixes and the organic ""green-up"" secrets so you can stay on track and grow LOUD.

🌿 Use the Plant Doctor in GrowApp to diagnose leaf yellowing and get exact N-P-K feeding adjustments: https://growappcannabis.guide/GetTheApp.html

In this video:

Identification: Spotting the signature ""bottom-up fade"" where the oldest leaves yellow completely while the rest of the plant looks okay.
The Quick Fix: Using water-soluble Nitrogen and blood meal for a rapid recovery in the vegetative stage.
The 2026 pH Protocol: Why a low pH root zone is often the ""secret"" reason your plant can't drink the Nitrogen you're giving it.
Prevention: Balancing your feed schedule and using slow-release organic amendments to ensure your plants never run out of fuel.
#CannabisGrow2026 #GrowLoud #PlantDoctor #NitrogenDeficiency #CannabisNutrients #HomeGrowTips #GrowApp",https://i.ytimg.com/vi/83IARQzPMFU/hqdefault.jpg,available
"GrowApp | Cannabis App",https://www.youtube.com/@growapp-cannabisapp,UChfrs9H_dI1dQGGxrRafXig,39,"Molybdenum Deficiency | Identify, Treat, Prevent",https://www.youtube.com/watch?v=uDl9E_HPbYg,uDl9E_HPbYg,2024-02-23T01:46:31Z,01:02,187,"Nervous about seeing strange orange or pink tints on the edges of your leaves along with middle-leaf yellowing? Relax—we’ve got you with the ultimate guide to fixing Molybdenum deficiency for your 2026 grow!

Growing your own weed means you’re the boss: mastering even the rarest micronutrients is how you dial in those premium buds and flex your green thumb. It’s a whole vibe—understanding why your plant needs this ""secret"" element to process nitrogen so you can avoid a total stall in growth. We’re breaking down the fast fixes and the pH secrets so you can stay on track and grow LOUD.

🌿 Use the Plant Doctor in GrowApp to diagnose rare deficiencies and get exact feeding adjustments: https://growappcannabis.guide/GetTheApp.html

In this video:

Identification: How to spot the unique ""pinking"" of leaf edges and the distorted growth that separates this from Nitrogen issues.
The Quick Fix: Using high-quality kelp extracts and molybdenum-specific supplements for a fast recovery.
The 2026 pH Protocol: Why Molybdenum is the only nutrient that locks out when pH gets too low.
Prevention: Maintaining a stable root zone pH and ensuring your base nutrients include a complete micronutrient profile.
#CannabisGrow2026 #GrowLoud #PlantDoctor #MolybdenumDeficiency #CannabisNutrients #HomeGrowTips #GrowApp",https://i.ytimg.com/vi/uDl9E_HPbYg/hqdefault.jpg,available
"GrowApp | Cannabis App",https://www.youtube.com/@growapp-cannabisapp,UChfrs9H_dI1dQGGxrRafXig,40,"Mealybugs | Identify, Treat, Prevent",https://www.youtube.com/watch?v=DnCS7eLjU7c,DnCS7eLjU7c,2024-02-23T01:44:09Z,00:57,100,"Nervous about seeing white, cottony clusters tucked into the nodes and underside of your leaves? Relax—we’ve got you with the ultimate guide to eradicating mealybugs for your 2026 grow!

Growing your own weed means you’re the boss: spotting these sap-sucking hitchhikers early is how you dial in those premium buds and flex your green thumb. It’s a whole vibe—understanding how to break through their waxy armor before they colonize your stems and stall your harvest. We’re breaking down the best organic ""knock-down"" treatments and long-term prevention so you can protect your crop and grow LOUD.

🌿 Use the Plant Doctor in GrowApp to identify ""cottony"" pests and get a custom organic treatment plan: https://growappcannabis.guide/GetTheApp.html

In this video:

Identification: Spotting the signature white ""fluff"" and the sticky honeydew they leave behind.
The 2026 Treatment Plan: Why Isopropyl alcohol (70%) and insecticidal soaps are your best weapons for a clean kill.
Beneficial Insects: Introducing ""Mealybug Destroyers"" (Cryptolaemus montrouzieri) to let nature do the work for you.
Prevention: The ""Boss"" quarantine protocol and why keeping your grow room cool and tidy is the best defense.
#CannabisGrow2026 #GrowLoud #PlantDoctor #Mealybugs #PestManagement #HomeGrowTips #GrowApp",https://i.ytimg.com/vi/DnCS7eLjU7c/hqdefault.jpg,available
"GrowApp | Cannabis App",https://www.youtube.com/@growapp-cannabisapp,UChfrs9H_dI1dQGGxrRafXig,41,"Manganese Deficiency | Identify, Treat, Prevent",https://www.youtube.com/watch?v=aNEFL89UCUY,aNEFL89UCUY,2024-02-23T01:41:55Z,00:52,"1,398","Nervous about seeing yellowing and strange brown spots on your new growth? Relax—we’ve got you with the ultimate guide to fixing Manganese deficiency for your 2026 grow!

Growing your own weed means you’re the boss: mastering your micronutrients is how you dial in those premium buds and flex your green thumb. It’s a whole vibe—learning how to differentiate between simple yellowing and a true Manganese lockout so you can keep your photosynthesis at 100%. We’re breaking down the fast-acting fixes and the pH secrets so you can stay on track and grow LOUD.

🌿 Use the Plant Doctor in GrowApp to diagnose leaf spots and get exact micronutrient feeding adjustments: https://growappcannabis.guide/GetTheApp.html

In this video:

Identification: Spotting the difference between Manganese deficiency (brown spots on new growth) and Calcium issues.
The Quick Fix: Using chelated Manganese and foliar sprays to restore leaf health in days.
The 2026 pH Protocol: Why high pH and excess Iron are the ""secret"" killers of Manganese availability.
Prevention: Balancing your water chemistry and ensuring proper drainage to avoid root zone lockout.
#CannabisGrow2026 #GrowLoud #PlantDoctor #ManganeseDeficiency #CannabisNutrients #HomeGrowTips #GrowApp",https://i.ytimg.com/vi/aNEFL89UCUY/hqdefault.jpg,available
"GrowApp | Cannabis App",https://www.youtube.com/@growapp-cannabisapp,UChfrs9H_dI1dQGGxrRafXig,42,"Magnesium Deficiency | Identify, Treat, Prevent",https://www.youtube.com/watch?v=LEZJYhZDNTs,LEZJYhZDNTs,2024-02-23T01:39:20Z,00:59,"2,550","Nervous about seeing yellowing between the veins of your older, lower leaves? Relax—we’ve got you with the ultimate guide to fixing Magnesium deficiency for your 2026 grow!

Growing your own weed means you’re the boss: mastering your secondary nutrients is how you dial in those premium buds and flex your green thumb. It’s a whole vibe—understanding how your plant moves Magnesium from the bottom up so you can stop the fade and keep your garden thriving. We’re breaking down the fast fixes and the Epsom salt secrets so you can stay on track and grow LOUD.

🌿 Use the Plant Doctor in GrowApp to diagnose leaf yellowing and get exact Cal-Mag dosage adjustments: https://growappcannabis.guide/GetTheApp.html

In this video:

Identification: Spotting the ""Tiger Striping"" (Interveinal Chlorosis) on lower fan leaves before it climbs the plant.
The Quick Fix: How to use Epsom salts and foliar feeding for a 24-hour green-up.
The 2026 pH Protocol: Why cold roots and low pH are the hidden triggers for Magnesium lockout.
Prevention: Balancing your Cal-Mag ratios and maintaining a stable root zone temperature to ensure 24/7 nutrient uptake.
#CannabisGrow2026 #GrowLoud #PlantDoctor #MagnesiumDeficiency #CalMag #HomeGrowTips #GrowApp",https://i.ytimg.com/vi/LEZJYhZDNTs/hqdefault.jpg,available
"GrowApp | Cannabis App",https://www.youtube.com/@growapp-cannabisapp,UChfrs9H_dI1dQGGxrRafXig,43,"Light Burn | Identify, Treat, Prevent",https://www.youtube.com/watch?v=xnPn8x93sEM,xnPn8x93sEM,2024-02-23T01:37:01Z,00:56,"11,551","Nervous about seeing bleached white tops or crispy, serrated leaf edges on your highest colas? Relax—we’ve got you with the ultimate guide to managing light intensity for your 2026 grow!

Growing your own weed means you’re the boss: mastering your DLI and hanging height is how you dial in those premium buds and flex your green thumb. It’s a whole vibe—learning how to give your plants the maximum energy they can handle without pushing them into a stress response. We’re breaking down the visual cues and the tech hacks so you can protect your harvest and grow LOUD.

🌿 Use the Plant Doctor in GrowApp to calculate your light distance and get a custom PAR map for your space: https://growappcannabis.guide/GetTheApp.html

In this video:

Identification: Spotting ""Photo-oxidation"" (bleaching) and upward-curling leaf edges compared to nutrient burn.
The 2026 Adjustments: How to use the ""back of the hand"" test and modern LUX/PAR meters to find the sweet spot.
Recovery Protocol: Using Silica and amino acids to help your canopy bounce back from high-intensity stress.
Prevention: Mastering the hang height during the ""stretch"" phase to stay ahead of light-driven issues.
#CannabisGrow2026 #GrowLoud #PlantDoctor #LightBurn #CannabisLighting #HomeGrowTips #GrowApp",https://i.ytimg.com/vi/xnPn8x93sEM/hqdefault.jpg,available
"GrowApp | Cannabis App",https://www.youtube.com/@growapp-cannabisapp,UChfrs9H_dI1dQGGxrRafXig,44,"Leaf Septoria | Identify, Treat, Prevent",https://www.youtube.com/watch?v=Xeg77adzf6c,Xeg77adzf6c,2024-02-23T01:34:09Z,01:10,"10,477","Nervous about seeing yellow spots with brown borders spreading across your lower leaves? Relax—we’ve got you with the ultimate guide to stopping Leaf Septoria for your 2026 grow!

Growing your own weed means you’re the boss: managing fungal pathogens early is how you dial in those premium buds and flex your green thumb. It’s a whole vibe—understanding how to improve your garden’s airflow and hygiene so your plants can focus on stacking weight, not fighting disease. We’re breaking down the best organic fungicides and pruning hacks so you can protect your harvest and grow LOUD.

🌿 Use the Plant Doctor in GrowApp to diagnose leaf spots and get a custom organic treatment plan: https://growappcannabis.guide/GetTheApp.html

In this video:

Identification: Spotting the unique ""yellow halo"" spots that start on lower foliage and climb up the plant.
The 2026 Triage: Why removing infected leaves immediately is your first line of defense.
Organic Controls: Using Copper-based fungicides and Neem oil to halt the spread of spores.
Prevention: Mastering environmental control—VPD, airflow, and why you should never water from above.
#CannabisGrow2026 #GrowLoud #PlantDoctor #LeafSeptoria #CannabisHealth #HomeGrowTips #GrowApp",https://i.ytimg.com/vi/Xeg77adzf6c/hqdefault.jpg,available
"GrowApp | Cannabis App",https://www.youtube.com/@growapp-cannabisapp,UChfrs9H_dI1dQGGxrRafXig,45,"Leaf Miners | Identify, Treat, Prevent",https://www.youtube.com/watch?v=O9a-u4--Ty4,O9a-u4--Ty4,2024-02-23T01:29:49Z,01:08,480,"Nervous about seeing white, squiggly ""tunnels"" appearing on your fan leaves? Relax—we’ve got you with the ultimate guide to stopping leaf miners for your 2026 grow!

Growing your own weed means you’re the boss: spotting these tunneling larvae early is how you dial in those premium buds and flex your green thumb. It’s a whole vibe—understanding how to protect your plant’s ""solar panels"" from being eaten from the inside out. We’re breaking down the fast-acting organic fixes and physical removal hacks so you can protect your harvest and grow LOUD.

🌿 Use the Plant Doctor in GrowApp to identify leaf damage and get a safe recovery plan: https://growappcannabis.guide/GetTheApp.html

In this video:

Identification: Spotting the signature ""serpentine"" mines and finding the larvae before they finish their tunnel.
The 2026 Treatment Plan: Why Spinosad and Neem oil are your go-to organic weapons for stopping miners in their tracks.
Manual Triage: How to safely remove affected leaves or crush the larvae inside without stressing your plant.
Prevention: Using sticky traps for the adult flies and setting up physical barriers to keep them out of your garden.
#CannabisGrow2026 #GrowLoud #PlantDoctor #LeafMiners #PestManagement #HomeGrowTips #GrowApp",https://i.ytimg.com/vi/O9a-u4--Ty4/hqdefault.jpg,available
"GrowApp | Cannabis App",https://www.youtube.com/@growapp-cannabisapp,UChfrs9H_dI1dQGGxrRafXig,46,"Leafhoppers | Identify, Treat, Prevent",https://www.youtube.com/watch?v=jFfH-enJMFA,jFfH-enJMFA,2024-02-23T01:25:51Z,01:01,410,"Nervous about seeing tiny wedge-shaped bugs jumping off your plants or strange white spots on your leaves? Relax—we’ve got you with the ultimate guide to managing leafhoppers for your 2026 grow!

Growing your own weed means you’re the boss: spotting these fast-moving pests early is how you dial in those premium buds and flex your green thumb. It’s a whole vibe—understanding how to protect your garden from ""the sideways crawlers"" before they spread pathogens through your canopy. We’re breaking down the best organic barriers and fast-acting treatments so you can protect your harvest and grow LOUD.

🌿 Use the Plant Doctor in GrowApp to identify pest damage and get a safe treatment plan: https://growappcannabis.guide/GetTheApp.html

In this video:

Identification: Spotting the unique ""stippling"" damage and learning how to find these shy pests before they jump.
The 2026 Treatment Plan: Why Pyrethrin and Spinosad are your best bets for an organic knock-down.
Organic Barriers: Using Neem oil and yellow sticky traps to disrupt their cycle and protect your fan leaves.
Prevention: The ""Boss"" strategy for managing garden weeds that act as breeding grounds for leafhopper populations.
#CannabisGrow2026 #GrowLoud #PlantDoctor #Leafhoppers #PestManagement #HomeGrowTips #GrowApp",https://i.ytimg.com/vi/jFfH-enJMFA/hqdefault.jpg,available
"GrowApp | Cannabis App",https://www.youtube.com/@growapp-cannabisapp,UChfrs9H_dI1dQGGxrRafXig,47,"Iron Deficiency | Identify, Treat, Prevent",https://www.youtube.com/watch?v=a5jb0vgRsIU,a5jb0vgRsIU,2024-02-23T01:23:30Z,01:05,"1,905","Nervous about seeing neon yellow growth at the top of your plants while the veins stay green? Relax—we’ve got you with the ultimate guide to fixing Iron deficiency for your 2026 grow!

Growing your own weed means you’re the boss: mastering your micronutrients is how you dial in those premium buds and flex your green thumb. It’s a whole vibe—understanding why your plant can’t move Iron to new growth so you can fix the lockout and keep your garden thriving. We’re breaking down the fast fixes and the pH secrets so you can stay on track and grow LOUD.

🌿 Use the Plant Doctor in GrowApp to diagnose yellowing leaves and get exact feeding adjustments: https://growappcannabis.guide/GetTheApp.html

In this video:

Identification: How to spot ""Interveinal Chlorosis"" on new growth without confusing it with Nitrogen issues.
The Quick Fix: Using Iron Chelates and foliar sprays to restore that deep green color fast.
The 2026 pH Protocol: Why Iron is the first nutrient to lock out when your pH is too high.
Prevention: Balancing your water chemistry and medium to ensure Iron is always available for your plants.
#CannabisGrow2026 #GrowLoud #PlantDoctor #IronDeficiency #CannabisNutrients #HomeGrowTips #GrowApp",https://i.ytimg.com/vi/a5jb0vgRsIU/hqdefault.jpg,available
"GrowApp | Cannabis App",https://www.youtube.com/@growapp-cannabisapp,UChfrs9H_dI1dQGGxrRafXig,48,"Hermies, Pollen Sacs, and Bananas | Identify, Treat, Prevent",https://www.youtube.com/watch?v=1sraeBW044g,1sraeBW044g,2024-02-23T01:20:46Z,01:00,"3,156","Nervous about finding ""bananas"" or pollen sacs hidden in your beautiful flowers? Relax—we’ve got you with the ultimate guide to managing hermaphrodite traits for your 2026 grow!

Growing your own weed means you’re the boss: spotting these reproductive signs early is how you dial in those premium buds and flex your green thumb. It’s a whole vibe—understanding why plants ""hermie"" so you can protect your sensimilla and keep your harvest seed-free. We’re breaking down the scouting hacks and the ""stay-calm"" triage steps so you can protect your harvest and grow LOUD.

🌿 Use the Plant Doctor in GrowApp to identify plant gender and get a custom gender-risk assessment: https://growappcannabis.guide/GetTheApp.html

In this video:

Identification: Spotting the difference between a swollen bract and a true pollen sac or ""nanner.""
The 2026 Triage: How to safely remove sacs without spreading pollen through your canopy.
Stress Management: Why light leaks, heat, and root issues are the top triggers for hermie traits.
Prevention: Setting up a foolproof ""lights out"" protocol and selecting stable genetics to avoid the risk entirely.
#CannabisGrow2026 #GrowLoud #PlantDoctor #Hermie #PollenSacs #HomeGrowTips #GrowApp",https://i.ytimg.com/vi/1sraeBW044g/hqdefault.jpg,available
"GrowApp | Cannabis App",https://www.youtube.com/@growapp-cannabisapp,UChfrs9H_dI1dQGGxrRafXig,49,"Hemp Russet Mites | Identify, Treat, Prevent",https://www.youtube.com/watch?v=XjcvwD5KW3I,XjcvwD5KW3I,2024-02-23T01:17:51Z,01:03,774,"Nervous about seeing ""beige"" stems or leaves that look dry and curled for no reason? Relax—we’ve got you with the ultimate guide to eradicating Hemp Russet Mites for your 2026 grow!

Growing your own weed means you’re the boss: spotting these invisible invaders early is how you dial in those premium buds and flex your green thumb. It’s a whole vibe—understanding how to catch a russet mite infestation before they vanish into your flowers and stall your harvest. We’re breaking down the most aggressive organic treatments and prevention protocols so you can protect your crop and grow LOUD.

🌿 Use the Plant Doctor in GrowApp to identify ""hidden"" pests and get a custom treatment plan: https://growappcannabis.guide/GetTheApp.html

In this video:

Identification: Spotting the ""russeting"" effect and beige stems that signal an infestation.
The 2026 Treatment Plan: Mastering Micronized Sulfur and predatory mites for a clean kill.
Microscopic Scouting: Why a 60x-100x loupe is your most important tool against these mites.
Prevention: The ""Boss"" quarantine protocol to keep your nursery and bloom rooms mite-free.
#CannabisGrow2026 #GrowLoud #PlantDoctor #RussetMites #PestManagement #HomeGrowTips #GrowApp",https://i.ytimg.com/vi/XjcvwD5KW3I/hqdefault.jpg,available
"GrowApp | Cannabis App",https://www.youtube.com/@growapp-cannabisapp,UChfrs9H_dI1dQGGxrRafXig,50,"Heat Stress | Identify, Treat, Prevent",https://www.youtube.com/watch?v=G9zymYjqP4g,G9zymYjqP4g,2024-02-23T01:14:24Z,00:57,"3,646","Nervous about taco-ing leaves or burnt tips on your top colas? Relax—we’ve got you with the ultimate guide to beating heat stress for your 2026 grow!

Growing your own weed means you’re the boss: managing your environment is how you dial in those premium buds and flex your green thumb. It’s a whole vibe—learning how to protect your canopy from excessive temps so your plants can stay focused on growth, not survival. We’re breaking down the fast cooling fixes and long-term setup hacks so you can protect your harvest and grow LOUD.

🌿 Use the Plant Doctor in GrowApp to monitor your environment and get custom recovery plans: https://growappcannabis.guide/GetTheApp.html

In this video:

Identification: Spotting ""leaf canoeing"" and heat-related foxtailing before they ruin your bag appeal.
Immediate Relief: How to use Kelp extracts and silica to boost your plant's internal heat resistance.
The 2026 Cooling Protocol: Mastering light distance, VPD, and airflow for a stable environment.
Prevention: Why choosing heat-resistant genetics and optimizing your extraction is the key to a stress-free summer.
#CannabisGrow2026 #GrowLoud #PlantDoctor #HeatStress #CannabisEnvironment #HomeGrowTips #GrowApp",https://i.ytimg.com/vi/G9zymYjqP4g/hqdefault.jpg,available
"GrowApp | Cannabis App",https://www.youtube.com/@growapp-cannabisapp,UChfrs9H_dI1dQGGxrRafXig,51,"Grasshoppers | Identify, Treat, Prevent",https://www.youtube.com/watch?v=PQUMY8PBaIU,PQUMY8PBaIU,2024-02-23T01:11:46Z,00:50,174,"Nervous about finding massive chunks missing from your fan leaves? Relax—we’ve got you with the ultimate guide to managing grasshoppers for your 2026 grow!

Growing your own weed means you’re the boss: spotting these high-jumping pests early is how you dial in those premium buds and flex your green thumb. It’s a whole vibe—learning how to protect your outdoor garden from these voracious eaters without compromising your harvest quality. We’re breaking down the best organic barriers and biological controls so you can keep your canopy intact and grow LOUD.

🌿 Use the Plant Doctor in GrowApp to get a step-by-step pest management guide: https://growappcannabis.guide/GetTheApp.html

In this video:

Identification: Recognizing the jagged leaf damage and spotting the culprits before they clear your canopy.
Physical Barriers: Why bird netting and row covers are your first line of defense.
The 2026 Organic Strategy: Using Spinosad and Nosema locustae to target grasshoppers naturally.
Prevention: Managing the perimeter of your grow to stop the migration before it starts.
#CannabisGrow2026 #GrowLoud #PlantDoctor #GrasshopperControl #PestManagement #HomeGrowTips #GrowApp",https://i.ytimg.com/vi/PQUMY8PBaIU/hqdefault.jpg,available
"GrowApp | Cannabis App",https://www.youtube.com/@growapp-cannabisapp,UChfrs9H_dI1dQGGxrRafXig,52,"Fungus Gnats | Identify, Treat, Prevent",https://www.youtube.com/watch?v=Vew9W4E_9lI,Vew9W4E_9lI,2024-02-23T01:08:54Z,00:59,445,"Nervous about tiny black flies hovering around your soil? Relax—we’ve got you with the ultimate guide to grounding fungus gnats for your 2026 grow!

Growing your own weed means you’re the boss: managing your root zone is how you dial in those premium buds and flex your green thumb. It’s a whole vibe—understanding how to stop these larvae from munching on your roots and stealing your plant’s momentum. We’re breaking down the best organic treatments and watering hacks so you can protect your harvest and grow LOUD.

🌿 Use the Plant Doctor in GrowApp to diagnose soil pests and get a custom treatment plan: https://growappcannabis.guide/GetTheApp.html

In this video:

Identification: How to tell the difference between a harmless fly and a root-destroying fungus gnat.
The Dry-Out Method: Why your watering schedule is your best weapon against an infestation.
Organic Killers: Using Yellow Sticky Traps and BTI (Mosquito Bits) to break the life cycle.
2026 Prevention: Top-dressing strategies and humidity control to keep the gnats from coming back.
#CannabisGrow2026 #GrowLoud #PlantDoctor #FungusGnats #PestManagement #HomeGrowTips #GrowApp",https://i.ytimg.com/vi/Vew9W4E_9lI/hqdefault.jpg,available
"GrowApp | Cannabis App",https://www.youtube.com/@growapp-cannabisapp,UChfrs9H_dI1dQGGxrRafXig,53,"Crickets | Identify, Treat, Prevent",https://www.youtube.com/watch?v=plRABa2uDZg,plRABa2uDZg,2024-02-23T01:06:02Z,01:01,46,"Nervous about hearing chirps and finding mysterious bite marks on your stems? Relax—we’ve got you with the ultimate guide to managing crickets for your 2026 grow!

Growing your own weed means you’re the boss: spotting these nocturnal munchers early is how you dial in those premium buds and flex your green thumb. It’s a whole vibe—understanding how to protect your garden from ""the midnight snack"" without using harsh chemicals. We’re breaking down the best organic traps and physical barriers so you can protect your harvest and grow LOUD.

🌿 Use the Plant Doctor in GrowApp to identify pest damage and get a safe treatment plan: https://growappcannabis.guide/GetTheApp.html

In this video:

Identification: How to spot cricket damage vs. other common pests like grasshoppers.
The 2026 Organic Strategy: Using molasses traps and biological controls to clear them out.
Physical Defenses: Why row covers and stem protectors are a game-changer for outdoor plants.
Prevention: The ""Boss"" checklist for keeping your grow area clear of debris where crickets hide.
#CannabisGrow2026 #GrowLoud #PlantDoctor #CricketControl #PestManagement #HomeGrowTips #GrowApp",https://i.ytimg.com/vi/plRABa2uDZg/hqdefault.jpg,available
"GrowApp | Cannabis App",https://www.youtube.com/@growapp-cannabisapp,UChfrs9H_dI1dQGGxrRafXig,54,"Copper Deficiency | Identify, Treat, Prevent",https://www.youtube.com/watch?v=tccyAjA7788,tccyAjA7788,2024-02-23T00:56:50Z,01:08,812,"Nervous about that strange metallic sheen or blue-ish tint on your leaves? Relax—we’ve got you with the ultimate guide to fixing Copper deficiency for your 2026 grow!

Growing your own weed means you’re the boss: mastering every micronutrient is how you dial in those premium buds and flex your green thumb. It’s a whole vibe—learning to spot the subtle signs of Copper issues before they affect your plant’s overall vigor. We’re breaking down the fast fixes and long-term feeding strategies so you can stay on track and grow LOUD.

🌿 Use the Plant Doctor in GrowApp to diagnose nutrient issues and get exact feeding adjustments: https://growappcannabis.guide/GetTheApp.html

In this video:

Identification: How to spot the unique ""metallic"" luster and leaf curling of Copper deficiency.
The Quick Fix: Using organic fungicides and chelated minerals to rebalance your root zone.
The 2026 Feeding Strategy: Why pH stability is the real secret to preventing micronutrient lockouts.
Prevention: Setting up your nutrient schedule to ensure a complete mineral profile from seed to harvest.
#CannabisGrow2026 #GrowLoud #PlantDoctor #CopperDeficiency #CannabisNutrients #HomeGrowTips #GrowApp",https://i.ytimg.com/vi/tccyAjA7788/hqdefault.jpg,available
"GrowApp | Cannabis App",https://www.youtube.com/@growapp-cannabisapp,UChfrs9H_dI1dQGGxrRafXig,55,"Caterpillars | Identify, Treat, Prevent",https://www.youtube.com/watch?v=3_gtqwVQNd0,3_gtqwVQNd0,2024-02-23T00:53:48Z,00:51,474,"Nervous about finding holes in your leaves or—even worse—munching inside your buds? Relax—we’ve got you with the ultimate guide to managing caterpillars and inchworms for your 2026 grow!

Growing your own weed means you’re the boss: spotting these hungry pests early is how you dial in those premium buds and flex your green thumb. It’s a whole vibe—understanding how to protect your outdoor or greenhouse garden from a total leaf-munching takeover. We’re breaking down the best organic treatments and physical defenses so you can protect your harvest and grow LOUD.

🌿 Use the Plant Doctor in GrowApp to identify pest damage and get a safe treatment plan: https://growappcannabis.guide/GetTheApp.html

In this video:

Identification: Spotting the difference between ""harmless"" moths and the larvae that destroy crops.
Organic Defense: Using BT (Bacillus thuringiensis) and other safe, effective sprays.
The 2026 Scouting Protocol: How to check your canopy like a pro to catch them before they reach the buds.
Prevention: Physical barriers and environmental tips to keep the moths from ever laying eggs.
#CannabisGrow2026 #GrowLoud #PlantDoctor #CaterpillarControl #PestManagement #HomeGrowTips #GrowApp",https://i.ytimg.com/vi/3_gtqwVQNd0/hqdefault.jpg,available
"GrowApp | Cannabis App",https://www.youtube.com/@growapp-cannabisapp,UChfrs9H_dI1dQGGxrRafXig,56,"Calcium Deficiency | Identify, Treat, Prevent",https://www.youtube.com/watch?v=vyK2u8M4XJ8,vyK2u8M4XJ8,2024-02-23T00:50:24Z,01:09,"6,480","Nervous about those brown, rusty spots appearing on your fan leaves? Relax—we’ve got you with the ultimate guide to fixing Calcium deficiency for your 2026 grow!

Growing your own weed means you’re the boss: mastering your secondary nutrients is how you dial in those premium buds and flex your green thumb. It’s a whole vibe—understanding how Calcium moves through your plant so you can stop a deficiency before it stunts your growth. We’re breaking down the fast fixes and long-term adjustments so you can stay on track and grow LOUD.

🌿 Use the Plant Doctor in GrowApp to diagnose nutrient spots and get exact feeding adjustments: https://growappcannabis.guide/GetTheApp.html

In this video:

Identification: How to distinguish Calcium spots from pH fluctuations or pests.
The Quick Fix: Using Cal-Mag and organic amendments to stabilize your plant fast.
The 2026 Feeding Strategy: Why water chemistry and pH are the real keys to Calcium uptake.
Prevention: Setting up your nutrient schedule to avoid lockouts during heavy bloom.
#CannabisGrow2026 #GrowLoud #PlantDoctor #CalciumDeficiency #CannabisNutrients #HomeGrowTips #GrowApp",https://i.ytimg.com/vi/vyK2u8M4XJ8/hqdefault.jpg,available
"GrowApp | Cannabis App",https://www.youtube.com/@growapp-cannabisapp,UChfrs9H_dI1dQGGxrRafXig,57,"Bud Rot or Mold | Identify, Treat, Prevent",https://www.youtube.com/watch?v=_KparHNlg00,_KparHNlg00,2024-02-23T00:46:52Z,00:58,"2,157","Nervous about finding gray fuzz or brown spots inside your prize buds? Relax—we’ve got you with the definitive guide to Bud Rot (Botrytis) and mold for your 2026 grow!

Growing your own weed means you’re the boss: spotting mold early is how you dial in those premium buds and flex your green thumb. It’s a whole vibe—knowing exactly when to harvest and how to control your environment to keep your flowers pristine. We’re breaking down the warning signs and the immediate steps to save your crop so you can grow LOUD.

🌿 Use the Plant Doctor in GrowApp to identify mold issues and get a custom recovery plan: https://growappcannabis.guide/GetTheApp.html

In this video:

Identification: How to spot the early warning signs of Botrytis deep within your colas.
The 2026 Triage: What to do immediately when you find rot to prevent it from spreading.
Environmental Control: Mastering humidity and airflow to create a mold-proof grow space.
Prevention: The ""Boss"" checklist for scouting your garden during the final weeks of bloom.
#CannabisGrow2026 #GrowLoud #PlantDoctor #BudRot #CannabisMold #HomeGrowTips #GrowApp",https://i.ytimg.com/vi/_KparHNlg00/hqdefault.jpg,available
"GrowApp | Cannabis App",https://www.youtube.com/@growapp-cannabisapp,UChfrs9H_dI1dQGGxrRafXig,58,"Broad Mites | Identify, Treat, Prevent",https://www.youtube.com/watch?v=ZJWC_2zw7Uc,ZJWC_2zw7Uc,2024-02-23T00:43:14Z,01:04,"1,056","Nervous about twisted, shiny leaves and stunted growth you can't explain? Relax—we’ve got you with the ultimate guide to battling broad mites for your 2026 grow!

Growing your own weed means you’re the boss: spotting these invisible invaders early is how you dial in those premium buds and flex your green thumb. It’s a whole vibe—learning to identify the microscopic signs of a broad mite infestation before it’s too late. We’re breaking down the most effective treatments and prevention strategies so you can protect your harvest and grow LOUD.

🌿 Use the Plant Doctor in GrowApp to identify ""invisible"" pests and get a custom treatment plan: https://growappcannabis.guide/GetTheApp.html

In this video:

Identification: The specific ""plastic"" look and leaf curling that gives these mites away.
Treatment Options: Mastering heat treatments and organic miticides for a clean kill.
The 2026 Protection Protocol: Why quarantine and cleanliness are your best defenses.
Recovery: How to steer your plants back to health and ensure a successful harvest.
#CannabisGrow2026 #GrowLoud #PlantDoctor #BroadMites #PestManagement #HomeGrowTips #GrowApp",https://i.ytimg.com/vi/ZJWC_2zw7Uc/hqdefault.jpg,available
"GrowApp | Cannabis App",https://www.youtube.com/@growapp-cannabisapp,UChfrs9H_dI1dQGGxrRafXig,59,"Boron Deficiency | Identify, Treat, Prevent",https://www.youtube.com/watch?v=iGUZ_zQKZkU,iGUZ_zQKZkU,2024-02-23T00:38:48Z,01:00,918,"Nervous about thick, brittle stems or dying growth tips? Relax—we’ve got you with the ultimate guide to identifying and fixing Boron deficiency for your 2026 grow!

Growing your own weed means you’re the boss: mastering your micronutrients is how you dial in those premium buds and flex your green thumb. It’s a whole vibe—learning to spot the subtle signs of Boron issues before they stunt your plant’s development. We’re breaking down the quick fixes and long-term solutions so you can stay on track and grow LOUD.

🌿 Use the Plant Doctor in GrowApp to diagnose nutrient issues and get exact feeding adjustments: https://growappcannabis.guide/GetTheApp.html

In this video:

Identification: Spotting the difference between Boron deficiency and simple pH issues.
The Quick Fix: How to safely reintroduce Boron without causing toxicity.
The 2026 Feeding Strategy: Balancing micronutrients for maximum plant vigor.
Prevention: Why maintaining a stable root zone is the key to preventing lockouts.
#CannabisGrow2026 #GrowLoud #PlantDoctor #BoronDeficiency #CannabisNutrients #HomeGrowTips #GrowApp",https://i.ytimg.com/vi/iGUZ_zQKZkU/hqdefault.jpg,available
"GrowApp | Cannabis App",https://www.youtube.com/@growapp-cannabisapp,UChfrs9H_dI1dQGGxrRafXig,60,"Barnacle Scales | Identify, Treat, Prevent",https://www.youtube.com/watch?v=qi3cW9fDI3s,qi3cW9fDI3s,2024-02-23T00:33:54Z,01:03,291,"Nervous about those strange, hard bumps appearing on your plant’s stems? Relax—we’ve got you with the definitive guide to barnacle scales for your 2026 grow!

Growing your own weed means you’re the boss: identifying these stealthy pests early is how you dial in those premium buds and flex your green thumb. It’s a whole vibe—learning how to remove these armored invaders and stop them from draining your plant's energy. We’re breaking down the safest removal methods and long-term prevention so you can keep your stems clean and grow LOUD.

🌿 Use the Plant Doctor in GrowApp to get a step-by-step removal guide for scales: https://growappcannabis.guide/GetTheApp.html

In this video:

Identification: How to tell the difference between scales and natural plant growth.
The Manual Fix: Why physical removal is often your first and best line of defense.
Treatment Options: Using horticultural oils and alcohol swabs without stressing the plant.
The 2026 Prevention Plan: How to keep your grow environment hostile to pests but perfect for plants.
#CannabisGrow2026 #GrowLoud #PlantDoctor #BarnacleScales #PestControl #HomeGrowTips #GrowApp",https://i.ytimg.com/vi/qi3cW9fDI3s/hqdefault.jpg,available
"GrowApp | Cannabis App",https://www.youtube.com/@growapp-cannabisapp,UChfrs9H_dI1dQGGxrRafXig,61,"Aphids | Identify, Treat, Prevent",https://www.youtube.com/watch?v=kEWWRUwA9Sc,kEWWRUwA9Sc,2024-02-23T00:29:06Z,00:47,"11,088","Nervous about tiny pests sucking the life out of your plants? Relax—we’ve got you with the ultimate guide to managing aphids for your 2026 grow!

Growing your own weed means you’re the boss: spotting these pests early is how you dial in those premium buds and flex your green thumb. It’s a whole vibe—understanding how to wipe out an infestation without harming your flowers. We’re breaking down the best organic treatments and prevention strategies so you can protect your harvest and grow LOUD.

🌿 Use the Plant Doctor in GrowApp to identify pests and get a custom treatment plan: https://growappcannabis.guide/GetTheApp.html

In this video:

Identification: How to spot aphids and their eggs before they take over.
Organic Treatment: Using Neem oil, insecticidal soaps, and beneficial insects effectively.
The 2026 Strategy: Why ""Prevention First"" is the secret to a pest-free canopy.
Recovery: How to ensure your plant bounces back and stays healthy through harvest.
#CannabisGrow2026 #GrowLoud #PlantDoctor #AphidControl #PestManagement #HomeGrowTips #GrowApp",https://i.ytimg.com/vi/kEWWRUwA9Sc/hqdefault.jpg,available
"GrowApp | Cannabis App",https://www.youtube.com/@growapp-cannabisapp,UChfrs9H_dI1dQGGxrRafXig,62,"Accidental Re-vegging | Identify, Treat, Prevent",https://www.youtube.com/watch?v=7fDpApzFqvo,7fDpApzFqvo,2024-02-23T00:23:37Z,00:49,"3,963","Nervous about your flowering plants suddenly growing weird leaves and stopping bud production? Relax—we’ve got you with the definitive guide to accidental re-vegging for your 2026 grow!

Growing your own weed means you’re the boss: spotting a re-vegging plant early is how you dial in those premium buds and flex your green thumb. It’s a whole vibe—understanding the light leaks or timer issues that cause your plant to flip back to veg so you can get your harvest back on track. We’re breaking down the signs and the fixes so you can finish strong and grow LOUD.

🌿 Use the Plant Doctor in GrowApp to diagnose re-vegging and get instant recovery steps: https://growappcannabis.guide/GetTheApp.html

In this video:

The Signs: How to identify ""smooth leaves"" and ""stretching"" in a flowering plant.
The Cause: Finding the light leaks and environmental triggers that flip the switch.
The Treatment: Step-by-step instructions on how to steer your plant back into bloom.
Prevention: The 2026 checklist for light-proofing your grow space for a smooth finish.
#CannabisGrow2026 #GrowLoud #PlantDoctor #AccidentalRevegging #CannabisTroubleshooting #HomeGrowTips #GrowApp",https://i.ytimg.com/vi/7fDpApzFqvo/hqdefault.jpg,available
"GrowApp | Cannabis App",https://www.youtube.com/@growapp-cannabisapp,UChfrs9H_dI1dQGGxrRafXig,63,"Auto vs Feminized seeds: Which one is better?",https://www.youtube.com/watch?v=SC9GuLMbKSM,SC9GuLMbKSM,2023-12-29T03:24:27Z,00:55,931,"Confused about which seeds to pop for your 2026 grow? Relax—we’ve got you with the ultimate Auto vs. Feminized showdown so you can pick the perfect genetics for your setup!

Growing your own weed means you’re the boss: choose between the lightning-fast harvest of autos or the heavy-yielding control of fems. It’s a whole vibe—crafting premium buds that hit harder than dispensary prices while flexing your green thumb. Whether you’re looking for a quick flip or a massive canopy, we’ll help you grow LOUD.

🌿 Download GrowApp to track your 2026 grow and stay on schedule: https://growappcannabis.guide/GetTheApp.html

In this video:

Autoflowers: Why speed and size are king for stealth and quick harvests.
Feminized: How to maximize your yield with total photoperiod control.
The 2026 Verdict: Which one is actually better for beginners this year?
#CannabisGrow2026 #GrowLoud #AutoVsFem #HomeGrowTips #CannabisSeeds #GrowApp",https://i.ytimg.com/vi/SC9GuLMbKSM/hqdefault.jpg,available
"GrowApp | Cannabis App",https://www.youtube.com/@growapp-cannabisapp,UChfrs9H_dI1dQGGxrRafXig,64,"When to switch to a 12-12 light schedule",https://www.youtube.com/watch?v=-TyJb1jc1zM,'-TyJb1jc1zM,2023-12-29T03:22:27Z,01:06,359,"Nervous about flipping your plants too early or too late? Relax—we’ve got you with the ultimate guide on when to switch to a 12-12 light schedule for your 2026 grow!

Growing your own weed means you’re the boss: timing the flip is how you dial in those premium buds and flex your green thumb. It’s a whole vibe—reading your plants' signals and preparing for the ""flowering stretch."" We’re breaking down the size requirements and health checks so you can transition with confidence and grow LOUD.

🌿 Download GrowApp to track your flip date and manage the transition: https://growappcannabis.guide/GetTheApp.html

In this video:

Size Matters: How to calculate the ""flowering stretch"" so you don't run out of space.
Health Check: Ensuring your plants are strong enough to handle the transition.
The 12-12 Protocol: How to set up your timer for a clean, uninterrupted dark period.
The 2026 Transition: What to change in your environment the moment you flip.
#CannabisGrow2026 #GrowLoud #1212LightSchedule #FloweringStage #HomeGrowTips #GrowApp",https://i.ytimg.com/vi/-TyJb1jc1zM/hqdefault.jpg,available
"GrowApp | Cannabis App",https://www.youtube.com/@growapp-cannabisapp,UChfrs9H_dI1dQGGxrRafXig,65,"The truth about flushing cannabis: when, how, why?",https://www.youtube.com/watch?v=RuKqwBe6FtI,RuKqwBe6FtI,2023-12-28T01:36:56Z,01:14,99,"Nervous about whether you should flush your plants or keep feeding? Relax—we’ve got you with the truth about flushing cannabis for your 2026 grow!

Growing your own weed means you’re the boss: deciding when to flush is how you dial in those premium buds and flex your green thumb. It’s a whole vibe—understanding the science behind clearing out nutrients to ensure a smooth, flavorful smoke. We’re breaking down the myths and the facts so you can finish strong and grow LOUD.

🌿 Download GrowApp to time your flush perfectly and track your final weeks: https://growappcannabis.guide/GetTheApp.html

In this video:

The Why: Does flushing actually improve flavor and ash color?
The When: How to use trichome ripeness to trigger your final flush.
The How: Step-by-step instructions for flushing in soil vs. coco or hydro.
The 2026 Verdict: What the latest research says about late-stage feeding.
#CannabisGrow2026 #GrowLoud #FlushingCannabis #HarvestPrep #HomeGrowTips #GrowApp",https://i.ytimg.com/vi/RuKqwBe6FtI/hqdefault.jpg,available
"GrowApp | Cannabis App",https://www.youtube.com/@growapp-cannabisapp,UChfrs9H_dI1dQGGxrRafXig,66,"Mastering the cannabis seedling stage",https://www.youtube.com/watch?v=f9IDnxqEd0s,f9IDnxqEd0s,2023-12-28T01:29:01Z,00:53,"1,492","Nervous about your delicate seedlings damping off? Relax—we’ve got you with the ultimate guide to mastering the cannabis seedling stage for your 2026 grow!

Growing your own weed means you’re the boss: giving your babies the right start is how you dial in those premium buds and flex your green thumb. It’s a whole vibe—balancing light intensity and humidity to build a strong foundation for a heavy-hitting harvest. Let's ensure your seedlings thrive so you can grow LOUD.

🌿 Download GrowApp to track your seedling's growth and environmental needs: https://growappcannabis.guide/GetTheApp.html

In this video:

Light Distance: How to prevent ""stretching"" without frying your delicate plants.
Watering 101: Finding the balance to avoid the dreaded damping off.
Humidity Domes: When to use them and when it's time to let them breathe.
The 2026 Toolkit: The best gear to keep your seedlings stable and strong.
#CannabisGrow2026 #GrowLoud #SeedlingStage #HomeGrowTips #CannabisCommunity #GrowApp",https://i.ytimg.com/vi/f9IDnxqEd0s/hqdefault.jpg,available
"GrowApp | Cannabis App",https://www.youtube.com/@growapp-cannabisapp,UChfrs9H_dI1dQGGxrRafXig,67,"Your ultimate guide to choosing the right grow tent size",https://www.youtube.com/watch?v=E26y0kNq0Pg,E26y0kNq0Pg,2023-12-26T00:55:05Z,01:06,411,"Nervous about picking a grow tent that’s too small or way too big? Relax—we’ve got you with the ultimate guide to choosing the right grow tent size for your 2026 setup!

Growing your own weed means you’re the boss: pick the perfect space to dial in premium buds and flex your green thumb. It’s a whole vibe—maximizing your yield while staying within your budget and space. From stealthy small cabinets to massive flower rooms, we’ll help you grow LOUD.

🌿 Get the GrowApp to help plan your setup and grow like a pro: https://growappcannabis.guide/GetTheApp.html

In this video:

Space Requirements: How many plants can actually fit in a 2x2, 4x4, or 5x5?
Height Matters: Why vertical space is just as important as floor space.
The 2026 Setup: Choosing a tent that grows with you as you master your craft.
#CannabisGrow2026 #GrowLoud #HomeGrowTips #GrowTent #CannabisCommunity #GrowApp",https://i.ytimg.com/vi/E26y0kNq0Pg/hqdefault.jpg,available
"GrowApp | Cannabis App",https://www.youtube.com/@growapp-cannabisapp,UChfrs9H_dI1dQGGxrRafXig,68,"The pros and cons of different grow mediums; soil, coco, hydro",https://www.youtube.com/watch?v=dLBPRT7Lmf4,dLBPRT7Lmf4,2023-12-26T00:52:44Z,01:01,89,"Nervous about picking the wrong dirt—or no dirt at all? Relax—we’ve got you with the ultimate breakdown of soil, coco, and hydro for your 2026 grow!

Growing your own weed means you’re the boss: choose the medium that fits your lifestyle, from the ""set it and forget it"" chill of soil to the high-speed growth of hydro. It’s a whole vibe—dialing in premium buds and flexing your green thumb to get those heavy-hitting results. We’ll help you pick the foundation that lets you grow LOUD.

🌿 Download GrowApp to track your nutrients and master your medium: https://growappcannabis.guide/GetTheApp.html

In this video:

Soil: Why it’s the king of flavor and the easiest start for beginners.
Coco Coir: The perfect middle ground for faster growth and total control.
Hydroponics: How to push your genetics to the limit for massive yields.
The 2026 Verdict: Which medium should you choose for your goals?
#CannabisGrow2026 #GrowLoud #HomeGrowTips #SoilVsCoco #Hydroponics #GrowApp",https://i.ytimg.com/vi/dLBPRT7Lmf4/hqdefault.jpg,available
"GrowApp | Cannabis App",https://www.youtube.com/@growapp-cannabisapp,UChfrs9H_dI1dQGGxrRafXig,69,"How to choose the best cannabis grow light",https://www.youtube.com/watch?v=r8iEqI2xhNU,r8iEqI2xhNU,2023-12-26T00:51:17Z,01:18,73,"Nervous about wasting cash on a weak light that won't deliver? Relax—we’ve got you with the ultimate guide to choosing the best cannabis grow light for your 2026 setup!

Growing your own weed means you’re the boss: pick the tech that fuels premium buds and lets you flex your green thumb. It’s a whole vibe—from energy-efficient LEDs to high-intensity hitters, we’re breaking down PAR, wattage, and coverage so your plants can thrive. Ready to grow LOUD with the best light for your budget? Let’s dive in!

🌿 Download GrowApp to track your light cycles and environment: https://growappcannabis.guide/GetTheApp.html

In this video:

LED vs. The Rest: Why modern LEDs are the gold standard for 2026.
PAR & PPFD: Understanding the metrics that actually matter for your plants.
Size & Coverage: How to match your light to your tent for zero wasted energy.
Budget vs. Premium: Finding the sweet spot for your home grow.
#CannabisGrow2026 #GrowLoud #GrowLights #HomeGrowTips #CannabisCommunity #GrowApp",https://i.ytimg.com/vi/r8iEqI2xhNU/hqdefault.jpg,available
"GrowApp | Cannabis App",https://www.youtube.com/@growapp-cannabisapp,UChfrs9H_dI1dQGGxrRafXig,70,"How to calculate the CFM for your intake and exhaust fan",https://www.youtube.com/watch?v=cc9R6TnYZBE,cc9R6TnYZBE,2023-12-26T00:48:57Z,00:55,347,"Nervous about the math behind your grow room's airflow? Relax—we’ve got you with the easiest way to calculate the CFM for your intake and exhaust fans in 2026!

Growing your own weed means you’re the boss: mastering your environment is how you dial in those premium buds and flex your green thumb. It’s a whole vibe—ensuring your plants have fresh air to breathe while keeping smells under control. We’re breaking down the simple formulas so you can pick the right gear and grow LOUD without the guesswork.

🌿 Download GrowApp to help manage your environment and track your progress: https://growappcannabis.guide/GetTheApp.html

In this video:

The CFM Formula: A step-by-step guide to calculating the exact power your space needs.
Dealing with Resistance: How carbon filters and ducting affects your fan's performance.
Intake vs. Exhaust: Creating the perfect negative pressure for a stealthy, healthy grow.
2026 Gear Guide: Choosing the right smart fans for your calculated needs.
#CannabisGrow2026 #GrowLoud #GrowRoomSetup #CFM #HomeGrowTips #GrowApp",https://i.ytimg.com/vi/cc9R6TnYZBE/hqdefault.jpg,available
"GrowApp | Cannabis App",https://www.youtube.com/@growapp-cannabisapp,UChfrs9H_dI1dQGGxrRafXig,71,"How to choose the best cannabis air circulation fan",https://www.youtube.com/watch?v=hMCuBIOUkqo,hMCuBIOUkqo,2023-12-26T00:47:21Z,01:09,49,"Nervous about stagnant air or PM ruining your harvest? Relax—we’ve got you with the ultimate guide to choosing the best cannabis air circulation fans for your 2026 grow!

Growing your own weed means you’re the boss: pick the fans that keep your canopy dancing and your premium buds breathing. It’s a whole vibe—flexing your green thumb by creating the perfect microclimate for heavy-hitting results. We’re breaking down oscillation, clip-ons, and placement so you can grow LOUD without the stress.

🌿 Download GrowApp to help manage your grow environment and stay on track: https://growappcannabis.guide/GetTheApp.html

In this video:

Oscillating vs. Fixed: Why movement is key for strengthening your plants.
Placement Secrets: How to avoid windburn while ensuring total coverage.
Quiet & Efficient: Choosing fans that won’t kill your vibe or your electric bill.
The 2026 Setup: Creating the perfect breeze for a successful home grow.
#CannabisGrow2026 #GrowLoud #AirCirculation #HomeGrowTips #CannabisCommunity #GrowApp",https://i.ytimg.com/vi/hMCuBIOUkqo/hqdefault.jpg,available
"GrowApp | Cannabis App",https://www.youtube.com/@growapp-cannabisapp,UChfrs9H_dI1dQGGxrRafXig,72,"Different kind of cannabis containers explained",https://www.youtube.com/watch?v=ZZCu9FwwJFk,ZZCu9FwwJFk,2023-12-26T00:45:23Z,00:45,36,"Nervous about picking the wrong home for your plants? Relax—we’ve got you with a deep dive into the best cannabis containers for your 2026 grow!

Growing your own weed means you’re the boss: choosing the right pot is how you dial in those premium buds and flex your green thumb. It’s a whole vibe—from breathable fabric pots to high-tech air pots and classic plastic, we’re breaking down what your roots actually need to thrive. Let's find the perfect fit so you can grow LOUD.

🌿 Download GrowApp to track your watering schedule and root health: https://growappcannabis.guide/GetTheApp.html

In this video:

Fabric Pots: Why air-pruning is a game-changer for massive root systems.
Air Pots: High-speed growth for the dedicated grower.
Classic Plastic: When to stick with the basics for simplicity and cost.
The 2026 Verdict: Which container size and type is right for your space?
#CannabisGrow2026 #GrowLoud #HomeGrowTips #CannabisCommunity #GrowApp #GardenSetup",https://i.ytimg.com/vi/ZZCu9FwwJFk/hqdefault.jpg,available
"GrowApp | Cannabis App",https://www.youtube.com/@growapp-cannabisapp,UChfrs9H_dI1dQGGxrRafXig,73,"Which nutrients are best for growing cannabis",https://www.youtube.com/watch?v=SfyT4QB9dgc,SfyT4QB9dgc,2023-12-26T00:44:02Z,00:56,97,"Nervous about burning your plants or picking the wrong bottle? Relax—we’ve got you with the ultimate guide to the best cannabis nutrients for your 2026 grow!

Growing your own weed means you’re the boss: feeding your plants is how you dial in those premium buds and flex your green thumb. It’s a whole vibe—from organic super soils to high-performance salts, we’re breaking down what your plants crave during veg and bloom. Let's find the perfect fuel so you can grow LOUD.

🌿 Download GrowApp to track your feeding schedule and prevent lockout: https://growappcannabis.guide/GetTheApp.html
In this video:

Organic vs. Synthetic: Which feeding style fits your lifestyle and goals?
The Big Three (N-P-K): A simple breakdown of what these numbers actually do.
Supplements & Boosters: Which ones are game-changers and which are just hype?
The 2026 Feeding Guide: Choosing the right line-up for your specific medium.
#CannabisGrow2026 #GrowLoud #CannabisNutrients #HomeGrowTips #GrowApp #PlantNutrition",https://i.ytimg.com/vi/SfyT4QB9dgc/hqdefault.jpg,available
"GrowApp | Cannabis App",https://www.youtube.com/@growapp-cannabisapp,UChfrs9H_dI1dQGGxrRafXig,74,"The complete guide to germinating cannabis seeds",https://www.youtube.com/watch?v=e3_byCpt6wE,e3_byCpt6wE,2023-12-26T00:42:25Z,01:01,73,"Nervous about your expensive seeds not popping? Relax—we’ve got you with the complete guide to germinating cannabis seeds for your 2026 grow!

Growing your own weed means you’re the boss: starting strong is how you dial in those premium buds and flex your green thumb. It’s a whole vibe—creating the perfect environment for that first taproot to explode with life. We’re breaking down the most reliable methods so you can start your season with 100% confidence and grow LOUD.

🌿 Download GrowApp to track your seedling's first days and stay on schedule: https://growappcannabis.guide/GetTheApp.html

In this video:

The Paper Towel Method: Why this classic is still a favorite in 2026.
Direct Sow vs. Starter Plugs: Choosing the best start for your specific setup.
Heat & Humidity: The ""Goldilocks"" zone for successful germination.
Troubleshooting: What to do if a seed is being stubborn.
#CannabisGrow2026 #GrowLoud #Germination #HomeGrowTips #CannabisSeeds #GrowApp",https://i.ytimg.com/vi/e3_byCpt6wE/hqdefault.jpg,available
"GrowApp | Cannabis App",https://www.youtube.com/@growapp-cannabisapp,UChfrs9H_dI1dQGGxrRafXig,75,"When to harvest weed: Tips and tricks",https://www.youtube.com/watch?v=fpjDnpyo6iQ,fpjDnpyo6iQ,2023-12-26T00:27:32Z,01:13,96,"Nervous about chopping too early and losing potency? Relax—we’ve got you with the ultimate guide on when to harvest for your 2026 grow!

Growing your own weed means you’re the boss: timing the harvest is how you dial in those premium buds and flex your green thumb. It’s a whole vibe—reading the trichomes and pistils to ensure you hit that peak window of potency and flavor. Let’s bring it home so you can grow LOUD.

🌿 Download GrowApp to track your harvest window and curing process: https://growappcannabis.guide/GetTheApp.html

In this video:

The Trichome Test: Clear vs. Cloudy vs. Amber—finding the effect you want.
The Pistil Method: How to use the color and curl of those hairs as a signal.
Flush to Finish: Making sure your plants are clean and ready for the chop.
The 2026 Verdict: What a late-harvest ""couch lock"" actually looks like on the plant.
#CannabisGrow2026 #GrowLoud #HarvestTime #WhenToHarvest #HomeGrowTips #GrowApp",https://i.ytimg.com/vi/fpjDnpyo6iQ/hqdefault.jpg,available
"GrowApp | Cannabis App",https://www.youtube.com/@growapp-cannabisapp,UChfrs9H_dI1dQGGxrRafXig,76,"How to cure cannabis - The ultimate cannabis curing guide",https://www.youtube.com/watch?v=5JnBaifvyzw,5JnBaifvyzw,2023-12-26T00:25:33Z,01:25,170,"Nervous about your harvest smelling like hay or growing mold? Relax—we’ve got you with the ultimate cannabis curing guide for your 2026 grow!

Growing your own weed means you’re the boss: mastering the cure is how you dial in those premium buds and flex your green thumb. It’s a whole vibe—slowly refining the flavor, aroma, and potency of your harvest over time. Let's lock in that professional finish so you can grow LOUD.

🌿 Download GrowApp to track your cure time and humidity levels: https://growappcannabis.guide/GetTheApp.html

In this video:

The Perfect Environment: Why 60/60 (60°F and 60% humidity) is the gold standard for 2026.
Burping 101: How to exchange air safely to prevent mold and build flavor.
Curing Containers: Glass jars vs. grove bags—choosing the right gear for your goals.
Signs of Success: How to tell when your flower has reached its peak potential.
#CannabisGrow2026 #GrowLoud #CuringCannabis #HarvestSeason #HomeGrowTips #GrowApp #CannabisCommunity",https://i.ytimg.com/vi/5JnBaifvyzw/hqdefault.jpg,available
